"","name_ganz","Geldgebende","Ertrag_2018_CHF","LastN.x","Betrag_CHF","Vorname","Titel","Funktion","Fakultät"
"1","Aguzzi, Adriano","Synapsis",1e+05,"Aguzzi",2e+05,"Adriano","Dr. med.","Ord. Professor für Neuropathologie","MEF"
"2","Alos-Ferrer, Carlos","Deutsche Forschungsgemeinschaft",91600,"Alos-Ferrer",215577.6,"Carlos","Dr.","Ord. Professor für Entscheidungs- und Neuroökonomische Theorie, Nomis Professur für Entscheidungs- und Neuroökonomische Theorie","WWF"
"3","Alos-Ferrer, Carlos","Deutsche Forschungsgemeinschaft",86800,"Alos-Ferrer",241729.6,"Carlos","Dr.","Ord. Professor für Entscheidungs- und Neuroökonomische Theorie, Nomis Professur für Entscheidungs- und Neuroökonomische Theorie","WWF"
"4","Alós-Ferrer, Carlos","NOMIS Stiftung",6e+05,"Alós-Ferrer",6e+05,"",NA,NA,"WWF"
"5","Altermatt, Florian","Bundesamt für Umwelt BAFU",150000,"Altermatt",150000,"Florian","Dr.","Ausserord. Professor für Aquatische Ökologie","MNF"
"6","Altmeyer, Matthias","Stiftung Krebsforschung Schweiz",120400,"Altmeyer",361300,"",NA,NA,"VSF"
"7","Bassler, Dirk","Insel Gruppe AG",0,"Bassler",1e+05,"Dirk","Dr.","Ausserord. Professor für Neonatologie","MEF"
"8","Bassler, Dirk","Schweizerische Gesellschaft für Neonatologie",175900,"Bassler",175900,"Dirk","Dr.","Ausserord. Professor für Neonatologie","MEF"
"9","Bassler, Dirk","Stanley Thomas Johnson Stiftung (via Schweizerische Akademie der Medizinischen Wissenschaften SAMW)",0,"Bassler",171759,"Dirk","Dr.","Ausserord. Professor für Neonatologie","MEF"
"10","Bassler, Dirk","Familie Larsson-Rosenquist Stiftung (via UZH Foundation)",650000,"Bassler",2e+07,"Dirk","Dr.","Ausserord. Professor für Neonatologie","MEF"
"11","Baumgartner, Matthias","Anonym",73750,"Baumgartner",147500,"Matthias","Dr. med.","Ord. Professor für Stoffwechselkrankheiten","MEF"
"12","Becher, Burkhard","Roche",50000,"Becher",174000,"Burkhard","Dr.","Ord. Professor für Experimentelle Immunologie","MEF"
"13","Becher, Burkhard","Stiftung Krebsforschung Schweiz",55800,"Becher",334900,"Burkhard","Dr.","Ord. Professor für Experimentelle Immunologie","MEF"
"14","Berger, Wolfgang","Iten-Kohaut-Stiftung (via USZ)",50000,"Berger",1e+05,"Wolfgang","Dr. rer. nat.","Ord. Professor für Medizinische Molekulargenetik","MEF"
"15","Bettschart-Wolfensberger, Regula","Anonym",1e+05,"Bettschart-Wolfensberger",2e+05,"Regula","Dr.","Ausserord. Professorin für Veterinäranästhesiologie","VSF"
"16","Beuschlein, Felix","PHILHUMAN STIFTUNG",61540,"Beuschlein",187620,"Felix","Dr.","Ord. Professor für Endokrinologie, Diabetologie und Stoffwechsel","MEF"
"17","Beuschlein, Felix","Vontobel-Stiftung",60000,"Beuschlein",180000,"Felix","Dr.","Ord. Professor für Endokrinologie, Diabetologie und Stoffwechsel","MEF"
"18","Beuschlein, Felix","Shire International GmbH",30125,"Beuschlein",129778,"Felix","Dr.","Ord. Professor für Endokrinologie, Diabetologie und Stoffwechsel","MEF"
"19","Biller-Andorno, Nikola","SNIS",65572,"Biller-Andorno",163931,"Nikola","Dr. med., Dr. phil.","Ord. Professorin für Biomedizinische Ethik","MEF"
"20","Biller-Andorno, Nikola","Stanley Thomas Johnson Stiftung (via Schweizerische Akademie der Medizinischen Wissenschaften SAMW)",0,"Biller-Andorno",150000,"Nikola","Dr. med., Dr. phil.","Ord. Professorin für Biomedizinische Ethik","MEF"
"21","Bischoff-Ferrari, Heike A.","Age-Stiftung",40000,"Bischoff-Ferrari",130000,"Heike A.","Dr. med.","Ord. Professorin für Geriatrie und Altersforschung","MEF"
"22","Bischoff-Ferrari, Heike A.","Vifor SA",150000,"Bischoff-Ferrari",6e+05,"Heike A.","Dr. med.","Ord. Professorin für Geriatrie und Altersforschung","MEF"
"23","Bodenmiller, Bernd","Roche",149466,"Bodenmiller",796536,"Bernd","Dr.","Ausserord. Professor für Quantitative Zellbiologie","MNF"
"24","Bodenmiller, Bernd","Roche",149879,"Bodenmiller",796536,"Bernd","Dr.","Ausserord. Professor für Quantitative Zellbiologie","MNF"
"25","Bollwein, Heinrich","Stiftung Pro Pferd",70000,"Bollwein",140000,"Heinrich","Dr.","Ord. Professor für Reproduktionsmedizin","VSF"
"26","Böttger, Erik C.","National Institutes of Health (NIH) (via St. Jude Children's Research Hospital)",0,"Böttger",202000,"Erik C.","Dr. med.","Ord. Professor für Medizinische Mikrobiologie","MEF"
"27","Brenøe, Anne A.","Larsson-Rosenquist Stiftung",233333.333333333,"Brenøe",233333.333333333,"",NA,NA,"WWF"
"28","Buch, Thorsten","Kommission für Technologie und Innovation KTI",140045,"Buch",175057,"Thorsten","Dr.","Ord. Professor für Labortierkunde","VSF"
"29","Buch, Thorsten","Stiftung Pro Pferd",150000,"Buch",150000,"Thorsten","Dr.","Ord. Professor für Labortierkunde","VSF"
"30","Caflisch, Amedeo","Peter und Traudl Engelhorn Stiftung",147337,"Caflisch",196450,"Amedeo","Dr. sc. nat.","Ord. Professor für Computergestützte Strukturbiologie","MNF"
"31","Camici, Giovanni G.","Sheikh Khalifa / Stiftung für Herz- und Kreislaufforschung",207000,"Camici",207000,"",NA,NA,"MEF"
"32","Canelli, Florencia","Staatssekretariat für Bildung, Forschung und Innovation SBFI",420000,"Canelli",745508,"Florencia","Dr.","Ord. Professorin für Experimentalphysik","MNF"
"33","Casaburi, Lorenzo","Excellence Foundation Zurich for Economic and Social Research",2e+05,"Casaburi",2e+05,"Lorenzo","Dr.","Assistenzprofessor für Entwicklungsökonomie, Stiftungsprofessur","WWF"
"34","Chesney, Marc","G+B Schwyzer Stiftung",2e+05,"Chesney",2e+05,"Marc","Dr.","Ord. Professor für Quantitative Finance","WWF"
"35","Clavien, Pierre-Alain","Helmut Horten Stiftung (via UZH Foundation)",1e+05,"Clavien",2e+05,"Pierre-Alain","Dr. med.","Ord. Professor für Viszeral- und Transplantationschirurgie","MEF"
"36","Clavien, Pierre-Alain","Promedica Stiftung",1e+05,"Clavien",3e+05,"Pierre-Alain","Dr. med.","Ord. Professor für Viszeral- und Transplantationschirurgie","MEF"
"37","Criblez, Lucien","Staatssekretariat für Bildung, Forschung und Innovation SBFI",67000,"Criblez",334983,"Lucien","Dr. phil.","Ord. Professor für Pädagogik mit Schwerpunkt Historische Bildungsforschung und Steuerung des Bildungssystems","PHF"
"38","Curt, Armin","ESA",149335,"Curt",165200,"Armin","Dr. med.","Ord. Professor für Paraplegiologie","MEF"
"39","Daniel, Hans-Dieter","VolkswagenStiftung",70347,"Daniel",201600,"Hans-Dieter","Dr., Ordinarius der ETH","Ord. Professor für Empirische Hochschulforschung","PHF"
"40","Dennerlein, Bettina","swissuniversities",46000,"Dennerlein",220000,"Bettina","Dr.","Ord. Professorin für Gender Studies und Islamwissenschaft","PHF"
"41","Devuyst, Olivier","Cystinosis Research Foundation",57715,"Devuyst",115500,"Olivier","Dr.","Ord. Professor für Physiologie","MEF"
"42","Distler, Oliver","Vontobel-Stiftung",55854,"Distler",167563,"Oliver","Dr. med.","Ord. Professor für Rheumatologie","MEF"
"43","Distler, Oliver","VELUX STIFTUNG",1e+05,"Distler",4e+05,"Oliver","Dr. med.","Ord. Professor für Rheumatologie","MEF"
"44","Distler, Oliver","Balgrist Stiftung",0,"Distler",230000,"Oliver","Dr. med.","Ord. Professor für Rheumatologie","MEF"
"45","Dummer, Reinhard","lnnosuisse",504415,"Dummer",1008831,"Reinhard","Dr. med.","Ord. Professor für Dermatologie","MEF"
"46","Dummer, Reinhard","lnnosuisse",93569,"Dummer",187138,"Reinhard","Dr. med.","Ord. Professor für Dermatologie","MEF"
"47","Dummer, Reinhard","CatalYm GmbH",80000,"Dummer",1e+05,"Reinhard","Dr. med.","Ord. Professor für Dermatologie","MEF"
"48","Dutzler, Raimund","NCCR Schweizerischer Nationalfonds (SNF)",0,"Dutzler",244000,"Raimund","Dr.","Ord. Professor für Biochemie","MEF"
"49","Eberli, Daniel","Gebert Rüf Stiftung",0,"Eberli",298000,"Daniel","Dr. med. Dr. rer. nat.","Ausserord. Professor für Regenerative Urologie","MEF"
"50","Eberli, Daniel","Dr. Angela Reiffer-Stiftung",65000,"Eberli",130000,"Daniel","Dr. med. Dr. rer. nat.","Ausserord. Professor für Regenerative Urologie","MEF"
"51","Ernst, Konrad","Suva",50000,"Ernst",233449,"",NA,NA,"MEF"
"52","Ernst, Konrad","Verein Lunge Zürich",174150,"Ernst",174150,"",NA,NA,"MEF"
"53","Fehr, Ernst","NOMIS Stiftung",173334,"Fehr",520000,"Ernst","Dr. rer. soc. oec.","Ord. Professor für Volkswirtschaftslehre mit den Schwerpunkten Sozialpolitik, Arbeitsmarkt- und Verteilungstheorie","WWF"
"54","Flitsch, Mareile","Verein Missionshaus Bethlehem",3e+05,"Flitsch",5e+05,"Mareile","Dr.","Ord. Professorin für Ethnologie","PHF"
"55","Flück, Martin","Schindler Holding AG",6e+05,"Flück",6e+05,"",NA,NA,"MEF"
"56","Fraefel, Cornel","Bundesamt für Lebensmittelsicherheit und Veterinärwesen BLV",40000,"Fraefel",117417,"Cornel","Dr. sc. nat. ETH","Ord. Professor für Virologie","VSF"
"57","Fraefel, Cornel","Bundesamt für Lebensmittelsicherheit und Veterinärwesen BLV",150000,"Fraefel",183690,"Cornel","Dr. sc. nat. ETH","Ord. Professor für Virologie","VSF"
"58","Freund, Alexandra M.","Northeastern University (NU)",224461,"Freund",226434,"Alexandra M.","Dr.","Ord. Professorin für Entwicklungspsychologie: Erwachsenenalter","PHF"
"59","Gassmann, Max","Monique Dornonville de la Cour - Stiftung",110000,"Gassmann",110000,"Max","Dr. med. vet.","Ord. Professor für Veterinärphysiologie","VSF"
"60","Giovanoli, Pietro","lnnosuisse",171203,"Giovanoli",342406,"Pietro","Dr.","Ord. Professor für Wiederherstellungschirurgie","MEF"
"61","Giuriato, Davide","Charlotte Kerr Dürrenmatt-Stiftung",140000,"Giuriato",140000,"Davide","Dr.","Ord. Professor für Neuere deutsche Literaturwissenschaft","PHF"
"62","Glaser, Andreas","Kanton Aargau
Departement Volkswirtschaft und Inneres (DVI)",472000,"Glaser",472000,"Andreas","Dr.","Ausserord. Professor für Staats-, Verwaltungs- und Europarecht unter besonderer Berücksichtigung von Demokratiefragen","RWF"
"63","Gonon, Philipp","Pestalozzi Fondation",0,"Gonon",115000,"Philipp","Dr.","Ord. Professor für Berufsbildung","PHF"
"64","Grimm, Christian","Wolfermann-Nägeli-Stiftung",212440,"Grimm",212440,"Christian","Dr. phil. nat.","Ord. Professor für Experimentelle Ophthalmologie","MEF"
"65","Grossniklaus, Ueli","Syngenta Crop Protection AG",350000,"Grossniklaus",1050000,"Ueli","Dr. phil. II","Ord. Professor für Entwicklungsbiologie der Pflanzen","MNF"
"66","Günthard, Huldrych","Bundesamt für Gesundheit BAG",240000,"Günthard",3e+05,"Huldrych","Dr. med.","Ord. Professor für Klinische Infektiologie","MEF"
"67","Günthard, Huldrych","Swiss HIV Cohort Research Foundation",2e+05,"Günthard",2e+05,"Huldrych","Dr. med.","Ord. Professor für Klinische Infektiologie","MEF"
"68","Günthard, Huldrych","Association contre le VIH et autres infections transmissibles",1e+05,"Günthard",1e+05,"Huldrych","Dr. med.","Ord. Professor für Klinische Infektiologie","MEF"
"69","Günthard, Huldrych","National Institutes of Health (NIH)",85652,"Günthard",345570,"Huldrych","Dr. med.","Ord. Professor für Klinische Infektiologie","MEF"
"70","Hajnal, Alex","Stiftung Krebsforschung Schweiz",54200,"Hajnal",360050,"Alex","Dr.","Ord. Professor für Entwicklungsbiologie","MNF"
"71","Hämmerle, Christoph","Dentsply IH AB",180000,"Hämmerle",360000,"Christoph","Dr. med. dent.","Ord. Professor für Kronen- und Brückenprothetik, Teilprothetik und zahnärztliche Materialkunde","MEF"
"72","Hämmerle, Christoph","Geistlich Pharma AG",82719,"Hämmerle",160842,"Christoph","Dr. med. dent.","Ord. Professor für Kronen- und Brückenprothetik, Teilprothetik und zahnärztliche Materialkunde","MEF"
"73","Hämmerle, Christoph","Henry Schein Inc.",35000,"Hämmerle",150000,"Christoph","Dr. med. dent.","Ord. Professor für Kronen- und Brückenprothetik, Teilprothetik und zahnärztliche Materialkunde","MEF"
"74","Helled, Ravit","NCCR Schweizerischer Nationalfonds (SNF)",127098,"Helled",636000,"Ravit","Dr.","Ausserord. Professorin für Theoretische Astrophysik","MNF"
"75","Helled, Ravit","NCCR Schweizerischer Nationalfonds (SNF)",86810,"Helled",330000,"Ravit","Dr.","Ausserord. Professorin für Theoretische Astrophysik","MNF"
"76","Helled, Ravit","NCCR Schweizerischer Nationalfonds (SNF)",139418,"Helled",403000,"Ravit","Dr.","Ausserord. Professorin für Theoretische Astrophysik","MNF"
"77","Hémous, David","UBS Foundation
of Economics in Society",1300000,"Hémous",1300000,"David","Dr.","Assistenzprofessor für Ökonomik der Innovation und des Unternehmertums, gestiftet vom UBS International Center of Economics in Society","WWF"
"78","Hens, Thorsten","P & K Pühringer Gemeinnützige Stiftung",88117,"Hens",174800,"Thorsten","Dr.","Ord. Professor für Finanzmarktökonomie","WWF"
"79","Hodler, Jürg","Bayer (Schweiz) AG",3e+05,"Hodler",3e+05,"Jürg","Dr. med.","Ord. Professor für Diagnostische und Interventionelle Radiologie","MEF"
"80","Hoerstrup, Simon","Dutch Heart Foundation (via TU Eindhoven)",262027,"Hoerstrup",366301.6,"Simon","Dr. med. PhD","Ord. Professor für Regenerative Medizin","MEF"
"81","Holland, Jason Philip","Stiftung Krebsforschung Schweiz",55000,"Holland",330000,"",NA,NA,"MNF"
"82","Hottiger, Michael O.","Marlis Geiser-Lemken Stiftung",50000,"Hottiger",1e+05,"Michael O.","Dr. met. vet. et Dr. phil. II","Ord. Professor für Biochemie und Molekularbiologie","VSF"
"83","Huber, Alexander","Zürcher Stiftung für das Hören",73000,"Huber",230000,"Alexander","Dr. med.","Ord. Professor für Otorhinolaryngologie, Hals- und Gesichtschirurgie","MEF"
"84","Huber, Alexander","MED-EL
Elektromedizinische Geräte GmbH",19720,"Huber",109900,"Alexander","Dr. med.","Ord. Professor für Otorhinolaryngologie, Hals- und Gesichtschirurgie","MEF"
"85","Huber, Alexander","lnnosuisse",0,"Huber",657575,"Alexander","Dr. med.","Ord. Professor für Otorhinolaryngologie, Hals- und Gesichtschirurgie","MEF"
"86","Hutter, Jürg","NCCR Schweizerischer Nationalfonds (SNF)",55173,"Hutter",142500,"Jürg","Dr. phil.","Ord. Professor für Physikalische Chemie","MNF"
"87","Imthurn, Bruno","lnnosuisse",0,"Imthurn",375095,"Bruno","Dr. med.","Ord. Professor für Gynäkologische Endokrinologie und Reproduktionsmedizin","MEF"
"88","Indiveri, Giacomo","Toshiba Corporation",142680,"Indiveri",142680,"Giacomo","Dr.","Ausserord. Professor für Neuroinformatik","MNF"
"89","Indiveri, Giacomo","Howard Hughes Medical Institute Janelia Research Campus",57255,"Indiveri",116242,"Giacomo","Dr.","Ausserord. Professor für Neuroinformatik","MNF"
"90","Indiveri, Giacomo","Samsung Electronics Co., Ltd. (SAIT)",594840,"Indiveri",1199966,"Giacomo","Dr.","Ausserord. Professor für Neuroinformatik","MNF"
"91","Jäncke, Lutz","Privatklinik Clienia Littenheid AG",111676,"Jäncke",360825,"Lutz","Dr.","Ord. Professor für Neuropsychologie","PHF"
"92","Jäncke, Lutz","Zürcher Stiftung für das Hören",149942,"Jäncke",149942,"Lutz","Dr.","Ord. Professor für Neuropsychologie","PHF"
"93","Jarren, Otfried","vhw - Bundesverband für Wohnen und Stadtentwicklung e.V.",60950,"Jarren",121900,"",NA,NA,"PHF"
"94","Jessberger, Sebastian","Dr. Eric Slack-Gyr Stiftung",280000,"Jessberger",280000,"Sebastian","Dr.","Ord. Professor für Neurowissenschaften","MEF"
"95","Jetzer, Philippe","ESA",38000,"Jetzer",153500,"Philippe","Dr.","Ausserord. Professor für Physik","MNF"
"96","Jinek, Martin","NCCR Schweizerischer Nationalfonds (SNF)",38513,"Jinek",250000,"Martin","Dr.","Ausserord. Professor für Biochemie","MEF"
"97","Keller, Kristina Hildegard","Emma-Luise-Kessler-Fonds",220000,"Keller",220000,"",NA,NA,"PHF"
"98","Keller, Lukas","Gran Paradiso National Park",119030,"Keller",229600,"Lukas","Dr.","Ord. Professor für Evolutionsbiologie","MNF"
"99","Klohs, Jan","Synapsis",1e+05,"Klohs",2e+05,"Jan","Dr.","Assistenzprofessor für präklinische Bildgebung","MEF"
"100","Kollias, Spyridon","ZHAW Zürcher Hochschule für Angewandte Wissenschaften",0,"Kollias",109181,"",NA,NA,"MEF"
"101","Kratzer, Adelgunde","Swiss Gemmological Institute",103398,"Kratzer",103398,"",NA,NA,"MEF"
"102","Kratzer, Adelgunde","Kuratorium Emma-Louise Kessler Fonds",113476,"Kratzer",113476,"",NA,NA,"MEF"
"103","Kübler, Daniel","Stadt Aarau",785000,"Kübler",785000,"Daniel","Dr. ès. sc. politiques","Ord. Professor für Demokratieforschung und Public Governance","PHF"
"104","Kullak-Ublick, Gerd-Achim","EPha.ch AG",142951,"Kullak-Ublick",142951,"Gerd-Achim","Dr. med.","Ord. Professor für Klinische Pharmakologie und Toxikologie","MEF"
"105","Kündig, Thomas","Monique Dornonville de la Cour - Stiftung",256000,"Kündig",256000,"Thomas","Dr. med.","Ausserord. Professor für Immundermatologie","MEF"
"106","Laine, Anna-Liisa","Ambassade du Royaume d'Arabie Saoudite",25000,"Laine",1e+05,"Anna-Liisa","Dr.","Ord. Professorin für Ökologie","MNF"
"107","Langer, Nicolas","VELUX STIFTUNG",71000,"Langer",206000,"Nicolas","Dr.","Assistenzprofessor für Methoden der Plastizitätsforschung","PHF"
"108","Leippold, Markus","Vontobel-Stiftung",5e+05,"Leippold",5e+05,"Markus","Dr. oec. HSG","Ord. Professor für Financial Engineering","WWF"
"109","Lichand, Guilherme","Excellence Foundation Zurich for Economic and Social Research",2e+05,"Lichand",2e+05,"Guilherme","Dr.","Assistenzprofessor für Ökonomik der Kinderwohlfahrt und Entwicklung, unterstützt von UNICEF Schweiz","WWF"
"110","Lichand, Guilherme","Excellence Foundation Zürich",272554,"Lichand",408832,"Guilherme","Dr.","Assistenzprofessor für Ökonomik der Kinderwohlfahrt und Entwicklung, unterstützt von UNICEF Schweiz","WWF"
"111","Lichand, Guilherme","Jacobs Foundation",2e+05,"Lichand",338118,"Guilherme","Dr.","Assistenzprofessor für Ökonomik der Kinderwohlfahrt und Entwicklung, unterstützt von UNICEF Schweiz","WWF"
"112","Liesegang, Annette","Royal Canin (Schweiz) AG",94000,"Liesegang",141000,"Annette","Dr.","Ord. Professorin für Tierernährung","VSF"
"113","Liptay, Fabienne","Fonds National de la Recherche Luxembourg",48472,"Liptay",141650.88,"Fabienne","Dr.","Ausserord. Professorin für Filmwissenschaft","PHF"
"114","Loetz, Francisca","Verein ""500 Jahre Zürcher Reformation""",50000,"Loetz",350000,"Francisca","Dr.","Ord. Professorin für Allgemeine Geschichte der Neuzeit","PHF"
"115","Lopes, Massimo","Associazione Italiana per la Ricerca sul Cancro",0,"Lopes",126560,"Massimo","Dr.","Ausserord. Professor für Molekulare Krebsforschung","MEF"
"116","Löwe, Christiane","swissuniversities",42667,"Löwe",128000,"",NA,NA,"andere"
"117","Luft, Andreas","P & K Pühringer Gemeinnützige Stiftung",1e+06,"Luft",1e+06,"Andreas","Dr. med.","Ausserord. Professor für Neurorehabilitation und Zerebrovaskuläre Neurologie, gestiftet von der P & K Pühringer Gemeinnützige Stiftung","MEF"
"118","Maake, Caroline","NOMIS Stiftung",130000,"Maake",130000,"",NA,NA,"MEF"
"119","Maake, Caroline","State Secretariat for Education Research and Innovation SERI",469406,"Maake",586757,"",NA,NA,"MEF"
"120","Mächler, Hans","Bundesamt für Gesundheit BAG",2e+05,"Mächler",387556,"",NA,NA,"VSF"
"121","Manz, Markus","ImmunOs Therapeutics AG",135000,"Manz",135000,"Markus","Dr.","Ord. Professor für Hämatologie","MEF"
"122","Manz, Markus","Stiftung Krebsforschung Schweiz",49100,"Manz",245450,"Markus","Dr.","Ord. Professor für Hämatologie","MEF"
"123","Martin, Mike","Mercator Stiftung",625000,"Martin",2580000,"Mike","Dr.","Ord. Professor für Gerontopsychologie","PHF"
"124","Martin, Mike","ETH Zürich",2e+05,"Martin",225000,"Mike","Dr.","Ord. Professor für Gerontopsychologie","PHF"
"125","Martin, Nicolas","Mercator Stiftung",396666.666666667,"Martin",396666.666666667,"Nicolas","Dr.","Assistenzprofessor für Moderne Indologie / Südasienwissenschaft, Mercator-Professur für Moderne Indologie / Südasienwissenschaft","PHF"
"126","Mayer, Lucio","NCCR Schweizerischer Nationalfonds (SNF)",171935,"Mayer",477000,"Lucio","Dr.","Ausserord. Professor für Computergestützte Astrophysik","MNF"
"127","Medalia, Ohad","Baugarten Stiftung (via UZH Foundation)",8e+05,"Medalia",8e+05,"Ohad","Dr.","Ord. Professor für Biochemie","MEF"
"128","Medalia, Ohad","Georg und Bertha Schwyzer-Winiker Stiftung (via UZH Foundation)",2e+05,"Medalia",2e+05,"Ohad","Dr.","Ord. Professor für Biochemie","MEF"
"129","Mehl, Albert Christof","Sirona Dental Systems GmbH",208333.333333333,"Mehl",208333.333333333,"Albert Christof","Dr.","Ausserord. Professor für computergestützte restaurative Zahnmedizin","MEF"
"130","Moch, Holger","Stiftung Krebsforschung Schweiz",125000,"Moch",125000,"Holger","Dr. med.","Ord. Professor für Pathologie","MEF"
"131","Moore, Ben","NCCR Schweizerischer Nationalfonds (SNF)",133997,"Moore",575000,"Ben","Dr.","Ord. Professor für Theoretische Physik","MNF"
"132","Münz, Christian","Vontobel-Stiftung",57546,"Münz",115092,"Christian","Dr.","Ord. Professor für Experimentelle Immunologie","MEF"
"133","Münz, Christian","Swiss Vaccine Research Institute Foundation",150000,"Münz",150000,"Christian","Dr.","Ord. Professor für Experimentelle Immunologie","MEF"
"134","Münz, Christian","Stiftung Krebsforschung Schweiz",62000,"Münz",372000,"Christian","Dr.","Ord. Professor für Experimentelle Immunologie","MEF"
"135","Nombela, Arrieta César","Horten-Stiftung",160000,"Nombela",160000,"",NA,NA,"MEF"
"136","Oberauer, Klaus","Bundesamt für Zivilluftfahrt BAZL",0,"Oberauer",510834,"Klaus","Dr.","Ord. Professor für Allgemeine Psychologie mit dem Schwerpunkt Kognitive Psychologie","PHF"
"137","Ossa, Ralph","UBS Foundation
of Economics in Society",1300000,"Ossa",1300000,"Ralph","Dr.","Ord. Professor für Ökonomik der Globalisierung und der Schwellenländer, gestiftet vom UBS International Center of Economics in Society","WWF"
"138","Paneni, Francesco","Sheikh Khalifa / Stiftung für Herz- und Kreislaufforschung",207000,"Paneni",207000,"Francesco","Dr.","Assistenzprofessor für Regenerative Kardiovaskuläre Medizin, Sheikh Khalifa Stiftungsprofessur","MEF"
"139","Paul, Mitchell","Stiftung Krebsforschung Schweiz",62500,"Paul",250000,"",NA,NA,"MEF"
"140","Paul, Mitchell","lnnosuisse",338533,"Paul",677066,"",NA,NA,"MEF"
"141","Paul, Mitchell","Roche",130000,"Paul",390000,"",NA,NA,"MEF"
"142","Pelkmans, Lucas","Ernst-Hadorn-Stiftung",250000,"Pelkmans",250000,"Lucas","Dr.","Ord. Professor für Molekularbiologie, Ernst-Hadorn-Stiftungsprofessur","MNF"
"143","Pelkmans, Lucas","Roche",112725,"Pelkmans",856750,"Lucas","Dr.","Ord. Professor für Molekularbiologie, Ernst-Hadorn-Stiftungsprofessur","MNF"
"144","Peng-Keller, Simon","Landeskirchen Kanton Zürich",2e+05,"Peng-Keller",2e+05,"Simon","Dr.","Ausserord. Professor für Spiritual Care","THF"
"145","Pernthaler, Jakob","EAWAG",81672,"Pernthaler",284961.6,"Jakob","Dr.","Ord. Professor für Aquatische Mikrobiologie","MNF"
"146","Pfaltz, Monique","Hans und Marianne Schwyn-Stiftung (via UZH Foundation)",50000,"Pfaltz",301179,"Monique","Dr.","Assistenzprofessorin für Klinische und Experimentelle Psychophysiologie","MEF"
"147","Polymenidou, Magdalini","NCCR Schweizerischer Nationalfonds (SNF)",65595,"Polymenidou",240000,"",NA,NA,"MEF"
"148","Polymenidou, Magdalini","Target ALS Foundation, Inc.",147180,"Polymenidou",150000,"",NA,NA,"MEF"
"149","Polymenidou, Magdalini","The ALS Association",146732,"Polymenidou",3e+05,"",NA,NA,"MEF"
"150","Puhan, Milo Alan","Verein Lunge Zürich",122100,"Puhan",122100,"Milo Alan","Dr.","Ord. Professor für Epidemiologie und Public Health","MEF"
"151","Puhan, Milo Alan","Schweizerische Multiple Sklerose Gesellschaft",6e+05,"Puhan",2100000,"Milo Alan","Dr.","Ord. Professor für Epidemiologie und Public Health","MEF"
"152","Puhan, Milo Alan","Fond'action contre le Cancer",85000,"Puhan",170000,"Milo Alan","Dr.","Ord. Professor für Epidemiologie und Public Health","MEF"
"153","Puhan, Milo Alan","Lungenliga Schweiz",75000,"Puhan",125000,"Milo Alan","Dr.","Ord. Professor für Epidemiologie und Public Health","MEF"
"154","Reggiani, Francesco","PricewaterhouseCoopers AG",150000,"Reggiani",150000,"Francesco","Dr.","Assistenzprofessor für Financial Accounting, gesponsert von der PricewaterhouseCoopers AG","WWF"
"155","Reichenbach, Janine","Uniscientia Stiftung (via UZH Foundation)",1e+05,"Reichenbach",3e+05,"Janine","Dr. med.","Assistenzprofessorin für Pädiatrische Immunologie","MEF"
"156","Reusch, Claudia","Tolerys SA",130000,"Reusch",130000,"Claudia","Dr.","Ord. Professorin für Innere Medizin der Kleintiere","VSF"
"157","Reusch, Claudia","Istituto Veterinario di Novara",25564,"Reusch",100800,"Claudia","Dr.","Ord. Professorin für Innere Medizin der Kleintiere","VSF"
"158","Robinson, Mark D.","Silicon Valley Community Foundation (SVCF) / Chan Zuckerberg Initiative (CZI)",226769,"Robinson",225081,"Mark D.","Dr.","Ausserord. Professor für Statistische Genomik","MNF"
"159","Rogler, Gerhard","Crohn's & Colitits Foundation",109020,"Rogler",109800,"Gerhard","Dr. med. Dr. phil.","Ord. Professor für Gastroenterologie und Hepatologie","MEF"
"160","Rogler, Gerhard","lnnosuisse",270022,"Rogler",540046,"Gerhard","Dr. med. Dr. phil.","Ord. Professor für Gastroenterologie und Hepatologie","MEF"
"161","Rogler, Gerhard","lnnosuisse",248694,"Rogler",497389,"Gerhard","Dr. med. Dr. phil.","Ord. Professor für Gastroenterologie und Hepatologie","MEF"
"162","Rogler, Gerhard","European Crohn's and Colitis Organisation",116460,"Rogler",224000,"Gerhard","Dr. med. Dr. phil.","Ord. Professor für Gastroenterologie und Hepatologie","MEF"
"163","Rosemann, Thomas J.","Staatssekretariat für Bildung, Forschung und Innovation SBFI (via Universität Luzern)",161250,"Rosemann",4e+05,"Thomas J.","Dr. med., Dr.","Ord. Professor für Hausarztmedizin","MEF"
"164","Rufer, Michael","Stiftung zur Förderung von Psychiatrie und Psychotherapie",52000,"Rufer",156000,"Michael","Dr. med.","Ausserord. Professor für Psychotherapie und Psychosomatik","MEF"
"165","Rufer, Michael","Hans und Marianne Schwyn-Stiftung (via UZH Foundation)",35000,"Rufer",3e+05,"Michael","Dr. med.","Ausserord. Professor für Psychotherapie und Psychosomatik","MEF"
"166","Sander, Peter","Lungenliga Schweiz",66000,"Sander",110000,"",NA,NA,"MEF"
"167","Scaramuzza, Davide","NCCR Schweizerischer Nationalfonds (SNF)",0,"Scaramuzza",129331,"Davide","Dr.","Ausserord. Professor für Robotics and Perception","WWF"
"168","Scaramuzza, Davide","Anonym",0,"Scaramuzza",240000,"Davide","Dr.","Ausserord. Professor für Robotics and Perception","WWF"
"169","Schaber, Peter (Empfängerin: Deplazes Zemp, Anna)","NOMIS Stiftung",184000,"Schaber",495000,"",NA,NA,"PHF"
"170","Schaepman, Michael","NOMIS Stiftung",433500,"Schaepman",3800000,"Michael","Dr., Prorektor Veterinärmedizin-Naturwissenschaften","Ord. Professor für Fernerkundung","MNF"
"171","Scheuer, Florian","UBS Foundation
of Economics in Society",1300000,"Scheuer",1300000,"Florian","Dr.","Ord. Professor für Economics of Institutions, gestiftet vom UBS International Center of Economics in Society","WWF"
"172","Schiestl, Florian P.","Bundesamt für Umwelt BAFU",120705,"Schiestl",640000,"Florian P.","Dr.","Ord. Professor für Evolutionäre Botanik","MNF"
"173","Schlag, Thomas","Verband der stadtzürcherischen evangelisch-reformierten Kirchgemeinden",64354,"Schlag",175187,"Thomas","Dr.","Ord. Professor für Praktische Theologie mit Schwerpunkt Religionspädagogik und Kybernetik","THF"
"174","Schlein, Benjamin","NCCR Schweizerischer Nationalfonds (SNF)",20293,"Schlein",133332,"Benjamin","Dr.","Ord. Professor für Angewandte Mathematik","MNF"
"175","Schroeder, Viktor","the cogito foundation",40000,"Schroeder",120000,"Viktor","Dr.","Ord. Professor für Mathematik","MNF"
"176","Seeger, Markus","lnnosuisse",260327,"Seeger",520654,"",NA,NA,"MEF"
"177","Seifritz, Erich","Boehringer Ingelheim Pharma GmbH & Co. KG",0,"Seifritz",159000,"Erich","Dr. med.","Ord. Professor für Psychiatrie","MEF"
"178","Seifritz, Erich","Ketabon GmbH",1e+05,"Seifritz",360000,"Erich","Dr. med.","Ord. Professor für Psychiatrie","MEF"
"179","Seifritz, Erich","Roche",0,"Seifritz",1e+05,"Erich","Dr. med.","Ord. Professor für Psychiatrie","MEF"
"180","Senti, Gabriela","HypoPet AG",260000,"Senti",260000,"",NA,NA,"MEF"
"181","Shanahan, Lilly","Jacobs Foundation",150000,"Shanahan",150000,"Lilly","Dr.","Ausserord. Professorin für Klinische Entwicklungspsychologie","PHF"
"182","Shanahan, Michael J.","Jacobs Foundation",450000,"Shanahan",450000,"Michael J.","Dr.","Ord. Professor für Soziologie der Entwicklung von Kindern und Jugendlichen","PHF"
"183","Shimizu, Kentaro","Béatrice Ederer-Weber Stiftung",0,"Shimizu",1e+05,"Kentaro","Dr.","Ord. Professor für Evolutionäre und Ökologische Genomik","MNF"
"184","Shimizu, Kentaro","Japan Science and Technology Agency",234865,"Shimizu",229963,"Kentaro","Dr.","Ord. Professor für Evolutionäre und Ökologische Genomik","MNF"
"185","Shimizu, Kentaro","Hochschule für Agrar-, Forst- und Lebensmittelwissen-schaften HAFL",115000,"Shimizu",119183,"Kentaro","Dr.","Ord. Professor für Evolutionäre und Ökologische Genomik","MNF"
"186","Sidler, Xaver","Rupromi Swiss Schwein AG und Micarna SA",1e+05,"Sidler",125000,"Xaver","Dr. med. vet. FVH","Ausserord. Professor für Schweinemedizin","VSF"
"187","Soluyanov, Alexey","NCCR Schweizerischer Nationalfonds (SNF)",798,"Soluyanov",112682,"",NA,NA,"MNF"
"188","Stephan, Roger","Schlachtbetrieb Zürich AG (SBZ)",40000,"Stephan",440000,"Roger","Dr. med. vet., Dekan der Vetsuisse-Fakultät","Ord. Professor für Tierärztliche Lebensmittelsicherheit und -hygiene","VSF"
"189","Steurer, Johann","Horten-Stiftung",280000,"Steurer",280000,"Johann","Dr. med.","Ausserord. Professor für Innere Medizin, speziell praxisorientierte Forschung und Wissenstransfer","MEF"
"190","Stippich, Christoph","Promedica Stiftung",0,"Stippich",280000,"Christoph","Dr.","Ord. Professor für Neuroradiologie","MEF"
"191","Stockmann, Christian","Stiftung Krebsforschung Schweiz",0,"Stockmann",366000,"Christian","Dr.","Assistenzprofessor für Molekulare Medizin in der Anatomie","MEF"
"192","Straumann, Dominik","Swiss Concussion Center
Schulthess Klinik",157000,"Straumann",214800,"Dominik","Dr. med.","Ausserord. Professor für Neurologie","MEF"
"193","Sulser, Tullio","Stiftung Krebsforschung Schweiz",121000,"Sulser",362800,"Tullio","Dr.","Ord. Professor für Urologie","MEF"
"194","Sven, Jan","Bundesamt für Gesundheit BAG",80000,"Sven",1e+05,"",NA,NA,"MEF"
"195","Templin, Christian","Sheikh Khalifa / Stiftung für Herz- und Kreislaufforschung",207000,"Templin",207000,"Christian","Dr. med.","Assistenzprofessor für Akute Kardiologie, Sheikh Khalifa Stiftungsprofessur","MEF"
"196","Thali, Michael","lnnosuisse",0,"Thali",172803,"Michael","Dr.","Ord. Professor für Rechtsmedizin","MEF"
"197","Universität Zürich","Stavros Niarchos Foundation",4e+05,"Universität Zürich",1200000,"",NA,NA,"andere"
"198","Universität Zürich","Monique Dornonville de la Cour - Stiftung (via UZH Foundation)",57900,"Universität Zürich",1250000,"",NA,NA,"andere"
"199","Universität Zürich","Anonym",1e+05,"Universität Zürich",1e+05,"",NA,NA,"andere"
"200","Universität Zürich","Alfred und Bertha Zangger-Weber Stiftung",130000,"Universität Zürich",130000,"",NA,NA,"andere"
"201","Universität Zürich","Schweizerische Stiftung für die Förderung von Austausch und Mobilität SFAM / Movetia",1196272,"Universität Zürich",1480740,"",NA,NA,"andere"
"202","Universität Zürich","Werner Siemens-Stiftung (via UZH Foundation)",762000,"Universität Zürich",10670000,"",NA,NA,"andere"
"203","Universität Zürich","swissuniversities",687628,"Universität Zürich",687628,"",NA,NA,"andere"
"204","Universität Zürich","Anonym",50000,"Universität Zürich",1e+05,"",NA,NA,"andere"
"205","van den Broek, Maries","Worldwide Cancer Research",15337,"van den Broek",260000,"Maries","Dr.","Ausserord. Professorin für Experimentelle Immunologie","MEF"
"206","Vieli, Andreas","Institute of Tibetan Plateau Research (ITP)Chinese Academy of Science",168714,"Vieli",550536,"Andreas","Dr.","Ausserord. Professor für Physische Geographie","MNF"
"207","Vieli, Andreas","ESA",0,"Vieli",190400,"Andreas","Dr.","Ausserord. Professor für Physische Geographie","MNF"
"208","Vieli, Andreas","swissuniversities",1e+05,"Vieli",390000,"Andreas","Dr.","Ausserord. Professor für Physische Geographie","MNF"
"209","von Eckardstein, Arnold","Schweizerische Herzstiftung",1e+05,"von Eckardstein",1e+05,"Arnold","Dr. med.","Ord. Professor für Klinische Chemie","MEF"
"210","von Eckardstein, Arnold","Peter und Traudl Engelhorn Stiftung",108639,"von Eckardstein",219452,"Arnold","Dr. med.","Ord. Professor für Klinische Chemie","MEF"
"211","von Känel, Roland","Stiftung Krebsforschung Schweiz",54000,"von Känel",108050,"Roland","Dr.","Ord. Professor für Konsiliar-/Liaisonpsychiatrie und Psychosomatik","MEF"
"212","von Känel, Roland","Stiftung Krebsforschung Schweiz",73800,"von Känel",147500,"Roland","Dr.","Ord. Professor für Konsiliar-/Liaisonpsychiatrie und Psychosomatik","MEF"
"213","von Rechenberg, Brigitte","Light for Sight Foundation",35000,"von Rechenberg",780000,"",NA,NA,"VSF"
"214","von Rechenberg, Brigitte","lnnosuisse",0,"von Rechenberg",272823,"",NA,NA,"VSF"
"215","von Rechenberg, Brigitte","Stiftung Pro Pferd",80000,"von Rechenberg",160000,"",NA,NA,"VSF"
"216","von Rechenberg, Brigitte","Insel Gruppe AG",251658,"von Rechenberg",251658,"",NA,NA,"VSF"
"217","Voth, Hans-Joachim","UBS Foundation
of Economics in Society",1e+06,"Voth",1e+06,"Hans-Joachim","Dr.","Ord. Professor für Makroökonomik und Finanzmärkte, gestiftet vom UBS International Center of Economics in Society","WWF"
"218","Walitza, Susanne","Ebnet-Stiftung",65000,"Walitza",130000,"Susanne","Dr. med., Dipl. - Psych","Ord. Professorin für Kinder- und Jugendpsychiatrie","MEF"
"219","Weber, Bruno","Stephan und Viktoria Schmidheiny Stiftung
(via UZH Foundation)",250000,"Weber",250000,"Bruno","Dr.","Ausserord. Professor für Multimodale experimentelle Bildgebung","MEF"
"220","Weder, Walter","Stiftung Krebsforschung Schweiz",100700,"Weder",251600,"Walter","Dr. med.","Ausserord. Professor für Thoraxchirurgie","MEF"
"221","Weishaupt, Michael","Qualisys AB",36651,"Weishaupt",142900,"",NA,NA,"VSF"
"222","Weishaupt, Michael","State Secretariat for Education Research and Innovation SERI",128139,"Weishaupt",172578,"",NA,NA,"VSF"
"223","Winkelmann, Rainer","Karr Legat",104000,"Winkelmann",104000,"Rainer","Dr. oec. publ.","Ord. Professor für Statistik und Empirische Wirtschaftsforschung","WWF"
"224","Wipf, Peter","Scholar Support Fund",50000,"Wipf",1e+05,"",NA,NA,"RWF"
"225","Wolf, Martin","lnnosuisse",95632,"Wolf",173164,"Martin","Dr.","Ausserord. Professor für Biomedizinische Optik","MEF"
"226","Zenz, Maja","Fondation ISREC",140000,"Zenz",180000,"",NA,NA,"MEF"
"227","Zenz, Maja","Fondation ISREC",140000,"Zenz",180000,"",NA,NA,"MEF"
"228","Zimmermann, Roland","Kommission für Technologie und Innovation KTI",142421,"Zimmermann",178027,"Roland","Dr. med.","Ord. Professor für Geburtshilfe","MEF"
"229","Zimmermann, Roland","Pregnolia AG",80000,"Zimmermann",120000,"Roland","Dr. med.","Ord. Professor für Geburtshilfe","MEF"
"230","Zinkernagel, Annelies","Promedica Stiftung",140000,"Zinkernagel",280000,"Annelies","Dr. med. PhD, MSc","Assistenzprofessorin für Experimentelle Infektiologie","MEF"
"231","Zipfel, Cyril","BBSRC",31857,"Zipfel",196475.5,"Cyril","Dr.","Ord. Professor für Molekulare und Zelluläre Pflanzenphysiologie","MNF"
"232","Zölitz, Ulf","Jacobs Foundation",125000,"Zölitz",125000,"Ulf","Dr.","Assistenzprofessor für Ökonomik der Kinder- und Jugendentwicklung","WWF"
