;Var.1;LastN;Vorname;Titel;Funktion;Fakultät;Lehrveranstaltungen;Var.8;name_ganz
1;NA;Abou-Chadi;Tarik;Dr.;Assistenzprofessor für Politikwissenschaft mit Schwerpunkt Direkte Demokratie und Partizipation;PHF;Link;NA;Abou-Chadi, Tarik
2;NA;Akca;Selin;Dr.;Assistenzprofessorin für Marketing Management;WWF;Link;NA;Akca, Selin
3;NA;Alkadhi;Hatem;Dr. med.;Ausserord. Professor für Notfall-Radiologie;MEF;Link;NA;Alkadhi, Hatem
4;NA;Allemand;Mathias;Dr.;Assistenzprofessor für Differenzielle Gesundheitsforschung des Alters;PHF;Link;NA;Allemand, Mathias
5;NA;Altermatt;Florian;Dr.;Ausserord. Professor für Aquatische Ökologie;MNF;Link;NA;Altermatt, Florian
6;NA;Bach;Dominik;Dr.;Assistenzprofessor für Klinisch psychiatrische Forschung;MEF;Link;NA;Bach, Dominik
7;NA;Bäker;Agnes;Dr.;Assistenzprofessorin für Management Non-Profit-Organisationen (NPO);WWF;Link;NA;Bäker, Agnes
8;NA;Barthelmes;Daniel;Dr. med.;Ausserord. Professor für Ophthalmologie;MEF;Link;NA;Barthelmes, Daniel
9;NA;Bassler;Dirk;Dr.;Ausserord. Professor für Neonatologie;MEF;Link;NA;Bassler, Dirk
10;NA;Basten;Christoph;Dr.;Assistenzprofessor für Banking;WWF;Link;NA;Basten, Christoph
11;NA;Baudis;Michael;Dr. med.;Ausserord. Professor für Bioinformatik;MNF;Link;NA;Baudis, Michael
12;NA;Baumann;Christian;Dr. med.;Ausserord. Professor für Neurologie, insbesondere Parkinson-Erkrankung und Bewegungsstörungen;MEF;Link;NA;Baumann, Christian
13;NA;Bergjan;Silke-Petra;Dr.;Ausserord. Professorin für Kirchen- und Theologiegeschichte von der Alten Kirche bis zur Reformation;THF;Link;NA;Bergjan, Silke-Petra
14;NA;Bettschart-Wolfensberger;Regula;Dr.;Ausserord. Professorin für Veterinäranästhesiologie;VSF;Link;NA;Bettschart-Wolfensberger, Regula
15;NA;Biroli;Pietro;Dr.;Assistenzprofessor für Mikroökonomie;WWF;Link;NA;Biroli, Pietro
16;NA;Bleul;Ulrich T.;Dr. med. vet.;Ausserord. Professor für Fortpflanzungsmedizin mit Schwerpunkt Nutztiere;VSF;Link;NA;Bleul, Ulrich T.
17;NA;Blum;David;Dr.;Assistenzprofessor für Palliativmedizin;MEF;Link;NA;Blum, David
18;NA;Bodenmiller;Bernd;Dr.;Ausserord. Professor für Quantitative Zellbiologie;MNF;Link;NA;Bodenmiller, Bernd
19;NA;Bodis;Stephan;Dr. med.;Ausserord. Professor für Molekulare Strahlenbiologie;MEF;Link;NA;Bodis, Stephan
20;NA;Boente;Walter;Dr.;Assistenzprofessor für Privatrecht mit Schwerpunkt ZGB;RWF;Link;NA;Boente, Walter
21;NA;Borel;Nicole;Dr. med. vet., FVH für Pathologie;Assistenzprofessorin für Infektionspathologie;VSF;Link;NA;Borel, Nicole
22;NA;Boretti Schär;Felicitas;Dr. med. vet.;Assistenzprofessorin für Endokrinologie;VSF;Link;NA;Boretti Schär, Felicitas
23;NA;Borgeat;Alain;Dr. med.;Ausserord. Professor für Anästhesiologie;MEF;Link;NA;Borgeat, Alain
24;NA;Borsig;Lubor;Dr. phil.;Ausserord. Professor für Physiologie mit Schwerpunkt Zellphysiologie und Glykobiologie;MEF;Link;NA;Borsig, Lubor
25;NA;Boyman;Onur;Dr. med.;Ausserord. Professor für Klinische Immunologie;MEF;Link;NA;Boyman, Onur
26;NA;Brandt;Holger;Dr.;Assistenzprofessor für Quantitative Methoden der Intervention und Evaluation;PHF;Link;NA;Brandt, Holger
27;NA;Braun Binder;Nadja;Dr.;Assistenzprofessorin für Öffentliches Recht unter besonderer Berücksichtigung europäischer Demokratiefragen;RWF;Link;NA;Braun Binder, Nadja
28;NA;Brem;Silvia;Dr. sc. nat.;Assistenzprofessorin für Kognitive Neurowissenschaften des Kindes- und Jugendalters;MEF;Link;NA;Brem, Silvia
29;NA;Brenoe;Anne Ardila;Dr.;Assistenzprofessorin für Ökonomik der Kinder- und Jugendentwicklung mit dem Schwerpunkt auf Stillen, Larsson-Rosenquist Stiftungsprofessur für die Ökonomik der Kinder- und Jugendentwicklung mit dem Schwerpunkt auf Stillen;WWF;Link;NA;Brenoe, Anne Ardila
30;NA;Brown;Steven;Dr.;Ausserord. Professor für Chronobiologie und Schlafforschung;MEF;Link;NA;Brown, Steven
31;NA;Bueter;Marco;Dr. med., PhD;Assistenzprofessor für Bariatrische Chirurgie;MEF;Link;NA;Bueter, Marco
32;NA;Camici;Giovanni;Dr.;Assistenzprofessor für Vaskuläre Biologie, Sheikh Khalifa Stiftungsprofessur;MEF;Link;NA;Camici, Giovanni
33;NA;Casaburi;Lorenzo;Dr.;Assistenzprofessor für Entwicklungsökonomie, Stiftungsprofessur;WWF;Link;NA;Casaburi, Lorenzo
34;NA;Chahwan;Richard;Dr.;Assistenzprofessor für Klinische Tumorimmunologie;MEF;Link;NA;Chahwan, Richard
35;NA;Chen;Hui;Dr.;Ausserord. Professorin für Financial Accounting;WWF;Link;NA;Chen, Hui
36;NA;Clauss;Marcus;Dr.;Ausserord. Professor für Vergleichende Verdauungsphysiologie, Ernährung und Biologie von Zoo-, Heim- und Wildtieren;VSF;Link;NA;Clauss, Marcus
37;NA;Damm-Reiser;Alexander;Dr. rer. nat.;Assistenzprofessor für Fernerkundung von Wassersystemen;MNF;Link;NA;Damm-Reiser, Alexander
38;NA;Davidov;Eldad;Dr.;Ausserord. Professor für Soziologie;PHF;Link;NA;Davidov, Eldad
39;NA;De Benito Moreno;Carlota;Dr.;Assistenzprofessorin für Sprache und Raum in der Iberoromania;PHF;Link;NA;De Benito Moreno, Carlota
40;NA;de Oliveira;Eduardo Jorge;Dr.;Assistenzprofessor für Brasilianistik (Literatur, Kultur, Medien);PHF;Link;NA;de Oliveira, Eduardo Jorge
41;NA;Dellwo;Volker;Dr.;Ausserord. Professor für Phonetik;PHF;Link;NA;Dellwo, Volker
42;NA;Derks;Annuska;Dr.;Assistenzprofessorin für Allgemeine Ethnologie mit Schwerpunkt Soziale Transformationsprozesse;PHF;Link;NA;Derks, Annuska
43;NA;Dommann;Monika;Dr.;Ausserord. Professorin für Geschichte der Neuzeit;PHF;Link;NA;Dommann, Monika
44;NA;Dressel;Holger;Dr.;Assistenzprofessor für Arbeits- und Umweltmedizin;MEF;Link;NA;Dressel, Holger
45;NA;Dubey;Raghvendra;Dr.;Ausserord. Professor für Molekulare Reproduktionsendokrinologie;MEF;Link;NA;Dubey, Raghvendra
46;NA;Duru;Firat;Dr. med.;Ausserord. Professor für Kardiologie, speziell Rhythmologie;MEF;Link;NA;Duru, Firat
47;NA;Dusinberre;Martin;Dr.;Ausserord. Professor für Global History (18. bis 20. Jahrhundert);PHF;Link;NA;Dusinberre, Martin
48;NA;Eberle;Reto;Dr.;Ausserord. Professor für Auditing and Internal Control;WWF;Link;NA;Eberle, Reto
49;NA;Eberli;Daniel;Dr. med. Dr. rer. nat.;Ausserord. Professor für Regenerative Urologie;MEF;Link;NA;Eberli, Daniel
50;NA;Emmert;Maximilian;Dr. med.;Assistenzprofessor für Translationale Herzchirurgie;MEF;Link;NA;Emmert, Maximilian
51;NA;Farkas;Erich Walter;Dr.;Ausserord. Professor für Quantitative Finance;WWF;Link;NA;Farkas, Erich Walter
52;NA;Fehr;Jan Sven;Dr.;Assistenzprofessor für Gesundheit und Reisen;MEF;Link;NA;Fehr, Jan Sven
53;NA;Fehr-Duda;Helga;Dr.;Ausserord. Professorin für Entscheidungstheorie und experimentelle Entscheidungsforschung;WWF;Link;NA;Fehr-Duda, Helga
54;NA;Fenner;Kathrin;Dr.;Ausserord. Professorin für Umweltchemie;MNF;Link;NA;Fenner, Kathrin
55;NA;Féray;Valentin;Dr.;Assistenzprofessor für Reine Mathematik;MNF;Link;NA;Féray, Valentin
56;NA;Fiocchi Malaspina;Elisabetta;Dr.;Assistenzprofessorin für Rechtsgeschichte;RWF;Link;NA;Fiocchi Malaspina, Elisabetta
57;NA;Földy;Csaba;Dr.;"Assistenzprofessor für ERC-Projekt: ""Trans-synaptic signaling in GABAergic synapses""";MEF;Link;NA;Földy, Csaba
58;NA;Frank;Michael Clemens;Dr.;Ausserord. Professor für Literaturen in englischer Sprache des 19. und 20. Jahrhunderts;PHF;Link;NA;Frank, Michael Clemens
59;NA;Freisinger Sigel;Eva;Dr.;Ausserord. Professorin für Bioanorganische Chemie und Chemische Biologie;MNF;Link;NA;Freisinger Sigel, Eva
60;NA;Friemel;Thomas N.;Dr.;Ausserord. Professor für Publizistik- und Kommunikationswissenschaft mit dem Schwerpunkt Mediennutzung und Medienwirkung;PHF;Link;NA;Friemel, Thomas N.
61;NA;Fritz;Thomas;Dr.;Ausserord. Professor für Human-Oriented Software Engineering;WWF;Link;NA;Fritz, Thomas
62;NA;Funk;Jens;Dr. med.;Ausserord. Professor für Ophthalmologie;MEF;Link;NA;Funk, Jens
63;NA;Furrer;Reinhard;Dr.;Ausserord. Professor für Angewandte Statistik;MNF;Link;NA;Furrer, Reinhard
64;NA;Ganz;David;Dr.;Ausserord. Professor für Kunstgeschichte des Mittelalters;PHF;Link;NA;Ganz, David
65;NA;Genoni;Michele;Dr.;Ausserord. Professor für Herzchirurgie;MEF;Link;NA;Genoni, Michele
66;NA;Glaser;Andreas;Dr.;Ausserord. Professor für Staats-, Verwaltungs- und Europarecht unter besonderer Berücksichtigung von Demokratiefragen;RWF;Link;NA;Glaser, Andreas
67;NA;Godenzi;Gunhild Barbara;Dr. iur., LL.M.;Ausserord. Professorin für Strafrecht und Strafprozessrecht;RWF;Link;NA;Godenzi, Gunhild Barbara
68;NA;Gohdes;Anita R.;Dr.;Assistenzprofessorin für Internationale Beziehungen;PHF;Link;NA;Gohdes, Anita R.
69;NA;Grazzini;Massimiliano;Dr.;Ausserord. Professor für Physik;MNF;Link;NA;Grazzini, Massimiliano
70;NA;Grewe;Benjamin;Prof. der ETH Zürich;Assistenzprofessor für Neuroinformatik und Neuronale Systeme;MNF;Link;NA;Grewe, Benjamin
71;NA;Grünewald;Seraina Neva;Dr.;Assistenzprofessorin für Finanzmarktrecht;RWF;Link;NA;Grünewald, Seraina Neva
72;NA;Hale;Benjamin Geoffrey;Dr.;Assistenzprofessor;MEF;Link;NA;Hale, Benjamin Geoffrey
73;NA;Hall;Andrew;Dr.;Ausserord. Professor für Anatomie;MEF;Link;NA;Hall, Andrew
74;NA;Hare;Todd Anthony;Dr.;Ausserord. Professor für Neuroeconomics and Human Development;WWF;Link;NA;Hare, Todd Anthony
75;NA;Hehl;Adrian;Dr. phil. nat.;Ausserord. Professor für Molekulare Parasitologie;VSF;Link;NA;Hehl, Adrian
76;NA;Heite;Catrin;Dr.;Ausserord. Professorin für Erziehungswissenschaft mit dem Schwerpunkt Sozialpädagogik;PHF;Link;NA;Heite, Catrin
77;NA;Helled;Ravit;Dr.;Ausserord. Professorin für Theoretische Astrophysik;MNF;Link;NA;Helled, Ravit
78;NA;Hémous;David;Dr.;Assistenzprofessor für Ökonomik der Innovation und des Unternehmertums, gestiftet vom UBS International Center of Economics in Society;WWF;Link;NA;Hémous, David
79;NA;Herfeld;Catherine;Dr.;Assistenzprofessorin für Sozialtheorie und Philosophie der Sozialwissenschaften;PHF;Link;NA;Herfeld, Catherine
80;NA;Hilbi;Hubert;Dr.;Ausserord. Professor für Experimentelle Mikrobiologie;MEF;Link;NA;Hilbi, Hubert
81;NA;Hilty;Lorenz;Dr.;Ausserord. Professor für Informatik und Nachhaltigkeit;WWF;Link;NA;Hilty, Lorenz
82;NA;Hofmann-Lehmann;Regina;Dr.;Ausserord. Professorin für Labormedizin;VSF;Link;NA;Hofmann-Lehmann, Regina
83;NA;Hornemann;Thorsten;Dr.;Assistenzprofessor für Klinische Chemie;MEF;Link;NA;Hornemann, Thorsten
84;NA;Huang;Elaine May;Dr.;Ausserord. Professorin für Human Computer Interaction (HCI);WWF;Link;NA;Huang, Elaine May
85;NA;Huber;Reto;Dr.;Ausserord. Professor für Entwicklungsneurobiologie der Zustandsregulation des Kindes- und Jugendalters;MEF;Link;NA;Huber, Reto
86;NA;Hübler;Michael;Dr.;Ausserord. Professor für Kinderherzchirurgie;MEF;Link;NA;Hübler, Michael
87;NA;Hülür;Gizem;Dr.;Assistenzprofessorin für Längsschnittforschung des Alterns;PHF;Link;NA;Hülür, Gizem
88;NA;Huppenbauer;Markus;Dr. phil.;Ausserord. Professor für Ethik;THF;Link;NA;Huppenbauer, Markus
89;NA;Indiveri;Giacomo;Dr.;Ausserord. Professor für Neuroinformatik;MNF;Link;NA;Indiveri, Giacomo
90;NA;Jaeggi;Adrian V.;Dr.;Assistenzprofessor für Morphologische Variabilität;MEF;Link;NA;Jaeggi, Adrian V.
91;NA;Jetzer;Philippe;Dr.;Ausserord. Professor für Physik;MNF;Link;NA;Jetzer, Philippe
92;NA;Jinek;Martin;Dr.;Ausserord. Professor für Biochemie;MEF;Link;NA;Jinek, Martin
93;NA;Jung;Ronald;Dr. med. dent.;Ausserord. Professor für Implantologie;MEF;Link;NA;Jung, Ronald
94;NA;Karayannis;Theofanis;Dr.;Assistenzprofessor für Hirnforschung;MEF;Link;NA;Karayannis, Theofanis
95;NA;Keller;Emanuela;Dr. med.;Ausserord. Professorin für Neuro-Intensivmedizin;MEF;Link;NA;Keller, Emanuela
96;NA;Kessler;Thomas;Dr. med.;Ausserord. Professor für Neuro-Urologie;MEF;Link;NA;Kessler, Thomas
97;NA;Kircher;Patrick Robert;Dr.;Ausserord. Professor für Bildgebende Diagnostik;VSF;Link;NA;Kircher, Patrick Robert
98;NA;Klohs;Jan;Dr.;Assistenzprofessor für präklinische Bildgebung;MEF;Link;NA;Klohs, Jan
99;NA;Koch Medina;Pablo;Dr.;Ausserord. Professor für Finance and Insurance;WWF;Link;NA;Koch Medina, Pablo
100;NA;Kölzer;Viktor H.;Dr.;Assistenzprofessor für Computergestützte Bildanalyse in der Pathologie;MEF;Link;NA;Kölzer, Viktor H.
101;NA;Konrad;Daniel;Dr. med. et phil.;Ausserord. Professor für Pädiatrische Endokrinologie und Diabetologie;MEF;Link;NA;Konrad, Daniel
102;NA;Kouyos;Roger;Dr. sc.;Assistenzprofessor;MEF;Link;NA;Kouyos, Roger
103;NA;Kowalewski;Mariusz Pawel;Dr.;Ausserord. Professor für Funktionelle Mikroanatomie;VSF;Link;NA;Kowalewski, Mariusz Pawel
104;NA;Kozbur;Damian;Dr.;Assistenzprofessor für Econometrics;WWF;Link;NA;Kozbur, Damian
105;NA;Kozerke;Sebastian;;Ausserord. Professor;;Link;NA;Kozerke, Sebastian
106;NA;Krämer;Thomas;Dr. rer. nat.;Ausserord. Professor für Forensische Pharmakologie und Toxikologie;MEF;Link;NA;Krämer, Thomas
107;NA;Krützen;Michael;Dr.;Ausserord. Professor für Evolutionäre Anthropologie und Genomik;MNF;Link;NA;Krützen, Michael
108;NA;Kümmerli;Rolf;Dr.;Ausserord. Professor für Evolutionäre Mikrobiologie;MNF;Link;NA;Kümmerli, Rolf
109;NA;Kündig;Thomas;Dr. med.;Ausserord. Professor für Immundermatologie;MEF;Link;NA;Kündig, Thomas
110;NA;Künzler;Adrian;Dr.;Assistenzprofessor für Handels- und Wirtschaftsrecht mit Schwerpunkt im Gesellschafts-, Wettbewerbs- oder Immaterialgüterrrecht;RWF;Link;NA;Künzler, Adrian
111;NA;Kurtcuoglu;Vartan;Dr.;Assistenzprofessor für Rechnergestützte und Experimentelle Physiologie;MEF;Link;NA;Kurtcuoglu, Vartan
112;NA;Küster;Bärbel;Dr.;Ausserord. Professorin für moderne und zeitgenössische Kunst;PHF;Link;NA;Küster, Bärbel
113;NA;Landolt;Markus Andreas;Dr. phil.;Ausserord. Professor für Gesundheitspsychologie des Kindes- und Jugendalters;PHF;Link;NA;Landolt, Markus Andreas
114;NA;Langer;Nicolas;Dr.;Assistenzprofessor für Methoden der Plastizitätsforschung;PHF;Link;NA;Langer, Nicolas
115;NA;Leemann;Lucas;Dr.;Assistenzprofessor für Vergleichende Politikwissenschaft mit Schwerpunkt empirische Demokratieforschung;PHF;Link;NA;Leemann, Lucas
116;NA;Lehmann;Kuno;Dr. med.;Assistenzprofessor für abdominale onkologische Chirurgie;MEF;Link;NA;Lehmann, Kuno
117;NA;Leibundgut-Landmann;Salomé;Dr.;Ausserord. Professorin für Immunologie;VSF;Link;NA;Leibundgut-Landmann, Salomé
118;NA;Leimgruber;Matthieu;Dr.;Ausserord. Professor für Allgemeine und Schweizer Geschichte der neueren und neuesten Zeit;PHF;Link;NA;Leimgruber, Matthieu
119;NA;Levesque;Mitchell Paul;Dr.;Ausserord. Professor für Experimentelle Hautkrebsforschung;MEF;Link;NA;Levesque, Mitchell Paul
120;NA;Lichand;Guilherme;Dr.;Assistenzprofessor für Ökonomik der Kinderwohlfahrt und Entwicklung, unterstützt von UNICEF Schweiz;WWF;Link;NA;Lichand, Guilherme
121;NA;Lienkamp;Soeren;Dr.;Assistenzprofessor für Molekulare Medizin in der Anatomie;MEF;Link;NA;Lienkamp, Soeren
122;NA;Liptay;Fabienne;Dr.;Ausserord. Professorin für Filmwissenschaft;PHF;Link;NA;Liptay, Fabienne
123;NA;Loacker;Leander D.;Dr. iur.;Ausserord. Professor für Privat- und Wirtschaftsrecht, Internationales Privat- und Zivilverfahrensrecht sowie Rechtsvergleichung;RWF;Link;NA;Loacker, Leander D.
124;NA;Lopes;Massimo;Dr.;Ausserord. Professor für Molekulare Krebsforschung;MEF;Link;NA;Lopes, Massimo
125;NA;Lüddeckens;Dorothea;Dr.;Ausserord. Professorin für Religionswissenschaft, sozialwissenschaftliche Ausrichtung;THF;Link;NA;Lüddeckens, Dorothea
126;NA;Luft;Andreas;Dr. med.;Ausserord. Professor für Neurorehabilitation und Zerebrovaskuläre Neurologie, gestiftet von der P & K Pühringer Gemeinnützige Stiftung;MEF;Link;NA;Luft, Andreas
127;NA;Lutterotti;Andreas;Dr.;Assistenzprofessor für Experimentelle Therapieforschung in der Multiplen Sklerose und anderen neurologischen Erkrankungen;MEF;Link;NA;Lutterotti, Andreas
128;NA;Martin;Nicolas;Dr.;Assistenzprofessor für Moderne Indologie / Südasienwissenschaft, Mercator-Professur für Moderne Indologie / Südasienwissenschaft;PHF;Link;NA;Martin, Nicolas
129;NA;Mayer;Lucio;Dr.;Ausserord. Professor für Computergestützte Astrophysik;MNF;Link;NA;Mayer, Lucio
130;NA;Mehl;Albert Christof;Dr.;Ausserord. Professor für computergestützte restaurative Zahnmedizin;MEF;Link;NA;Mehl, Albert Christof
131;NA;Meyer;Urs;Dr.;Ausserord. Professor für Veterinärpharmakologie;VSF;Link;NA;Meyer, Urs
132;NA;Meylan;Anne;Dr.;Assistenzprofessorin für Philosophie mit besonderer Berücksichtigung der theoretischen Philosophie;PHF;Link;NA;Meylan, Anne
133;NA;Michel;Margot;Dr. iur.;Assistenzprofessorin für Zivilrecht und Zivilverfahrensrecht unter besonderer Berücksichtigung des Familienrechts und der verfahrensrechtlichen Bezüge;RWF;Link;NA;Michel, Margot
134;NA;Migliano;Andrea;Dr.;Ausserord. Professorin für Evolutionäre Anthropologie;MNF;Link;NA;Migliano, Andrea
135;NA;Mosimann;Christian;Dr.;Assistenzprofessor;MNF;Link;NA;Mosimann, Christian
136;NA;Müller;Anne;Dr.;Ausserord. Professorin für Experimentelle Medizin;MEF;Link;NA;Müller, Anne
137;NA;Munari;Cosimo-Andrea;Dr.;Assistenzprofessor für Finance and Insurance;WWF;Link;NA;Munari, Cosimo-Andrea
138;NA;Neuner-Jehle;Stefan;Dr. med.;Assistenzprofessor für Chronische Krankheiten und Multimorbidität in der Hausarztmedizin;MEF;Link;NA;Neuner-Jehle, Stefan
139;NA;Neupert;Titus;Dr.;Ausserord. Professor für Theoretische Physik der kondensierten Materie;MNF;Link;NA;Neupert, Titus
140;NA;Niebert;Kai;Dr.;Ausserord. Professor für Fachdidaktik Naturwissenschaften;PHF;Link;NA;Niebert, Kai
141;NA;Niggli;Felix;Dr. med.;Ausserord. Professor für Pädiatrische Onkologie;MEF;Link;NA;Niggli, Felix
142;NA;Nombela Arrieta;César;Dr.;Assistenzprofessor für Blutstammzellen und Knochenmarkstroma, Helmut Horten Stiftung-Assistenzprofessur für Blutstammzellen und Knochenmarkstroma;MEF;Link;NA;Nombela Arrieta, César
143;NA;Nuss;Karl;Dr.;Ausserord. Professor für Allgemeine und spezielle Chirurgie für Wiederkäuer;VSF;Link;NA;Nuss, Karl
144;NA;Östberg;Per;Dr.;Ausserord. Professor für Finance;WWF;Link;NA;Östberg, Per
145;NA;Özcan;Mutlu;Dr. med. dent.;Ausserord. Professorin für Dentale Materialwissenschaften;MEF;Link;NA;Özcan, Mutlu
146;NA;Ozgul;Seyfi Arpat;Dr.;Ausserord. Professor für Populationsökologie;MNF;Link;NA;Ozgul, Seyfi Arpat
147;NA;Pachlopnik Schmid;Jana;Dr. med., Dr. phil. nat.;Assistenzprofessorin für Pädiatrische Immunologie;MEF;Link;NA;Pachlopnik Schmid, Jana
148;NA;Paneni;Francesco;Dr.;Assistenzprofessor für Regenerative Kardiovaskuläre Medizin, Sheikh Khalifa Stiftungsprofessur;MEF;Link;NA;Paneni, Francesco
149;NA;Penengo;Lorenza;Dr.;Assistenzprofessorin für Molekularbiologie, mit Schwerpunkt Chromatindynamik und Genomstabilität;MNF;Link;NA;Penengo, Lorenza
150;NA;Peng-Keller;Simon;Dr.;Ausserord. Professor für Spiritual Care;THF;Link;NA;Peng-Keller, Simon
151;NA;Pfaltz;Monique;Dr.;Assistenzprofessorin für Klinische und Experimentelle Psychophysiologie;MEF;Link;NA;Pfaltz, Monique
152;NA;Pfirrmann;Christian;Dr. med.;Ausserord. Professor für Muskuloskelettale Radiologie;MEF;Link;NA;Pfirrmann, Christian
153;NA;Picht;Peter Georg;Dr.;Ausserord. Professor für Handels- und Wirtschaftsrecht;RWF;Link;NA;Picht, Peter Georg
154;NA;Plock;Jan;Dr. med.;Assistenzprofessor für Rekonstruktive Transplantationschirurgie;MEF;Link;NA;Plock, Jan
155;NA;Pomeranz;Dina;Dr.;Assistenzprofessorin für Mikroökonomie;WWF;Link;NA;Pomeranz, Dina
156;NA;Pot;Simon;Dr.;Assistenzprofessor für Ophthalmologie;VSF;Link;NA;Pot, Simon
157;NA;Pozzorini;Stefano;Dr.;Ausserord. Professor für Theoretische Physik;MNF;Link;NA;Pozzorini, Stefano
158;NA;Praetorius;Anna-Katharina;Dr.;Ausserord. Professorin für Erziehungswissenschaft mit Schwerpunkt pädagogisch-psychologische Lehr-Lernforschung und Didaktik;PHF;Link;NA;Praetorius, Anna-Katharina
159;NA;Pruschy;Martin;Dr.;Ausserord. Professor für Molekulare Radiobiologie;MEF;Link;NA;Pruschy, Martin
160;NA;Pryce;Christopher;Dr.;Ausserord. Professor für Verhaltensneurobiologie und Biologische Psychiatrie;MEF;Link;NA;Pryce, Christopher
161;NA;Quack;Johannes;Dr.;Assistenzprofessor für Allgemeine Ethnologie mit Schwerpunkt religiöse Bewegungen und kulturelle Bedeutungssysteme;PHF;Link;NA;Quack, Johannes
162;NA;Quednow;Boris B.;Dr. rer. nat.;Ausserord. Professor für Experimentelle und Klinische Psychopharmakologie;PHF;Link;NA;Quednow, Boris B.
163;NA;Raschle;Nora M.;Dr.;Assistenzprofessorin für Psychologie der Entwicklung von Kindern und Jugendlichen;PHF;Link;NA;Raschle, Nora M.
164;NA;Reggiani;Francesco;Dr.;Assistenzprofessor für Financial Accounting, gesponsert von der PricewaterhouseCoopers AG;WWF;Link;NA;Reggiani, Francesco
165;NA;Reich;Johannes;Dr. iur., LL.M.;Ausserord. Professor für Öffentliches Recht, Umweltrecht und Energierecht;RWF;Link;NA;Reich, Johannes
166;NA;Reichenbach;Janine;Dr. med.;Assistenzprofessorin für Pädiatrische Immunologie;MEF;Link;NA;Reichenbach, Janine
167;NA;Rimmele;Marius;Dr.;Assistenzprofessor für Medialität - Historische Perspektiven;PHF;Link;NA;Rimmele, Marius
168;NA;Robinson;Mark D.;Dr.;Ausserord. Professor für Statistische Genomik;MNF;Link;NA;Robinson, Mark D.
169;NA;Rohrer Bley;Carla;Dr. med. vet., Dipl. ACVR;Ausserord. Professorin für Radio-Onkologie;VSF;Link;NA;Rohrer Bley, Carla
170;NA;Ros-Oton;Xavier;Dr.;Assistenzprofessor;MNF;Link;NA;Ros-Oton, Xavier
171;NA;Roulin;Anne Carole;Dr.;Assistenzprofessorin für Evolutionäre Genomik der Pflanzen;MNF;Link;NA;Roulin, Anne Carole
172;NA;Rudolph;Roger;Dr. iur.;Assistenzprofessor für Arbeitsrecht unter Mitvertretung des Privatrechts;RWF;Link;NA;Rudolph, Roger
173;NA;Rufer;Michael;Dr. med.;Ausserord. Professor für Psychotherapie und Psychosomatik;MEF;Link;NA;Rufer, Michael
174;NA;Sajewska;Dorota;Dr.;Assistenzprofessorin für Interart (Osteuropa);PHF;Link;NA;Sajewska, Dorota
175;NA;Sanchez;Marcelo R.;Dr.;Ausserord. Professor für Paläobiologie;MNF;Link;NA;Sanchez, Marcelo R.
176;NA;Santos;Maria J.;Dr.;Assistenzprofessorin für Erdsystemwissenschaften;MNF;Link;NA;Santos, Maria J.
177;NA;Sartori;Alessandro;Dr.;Ausserord. Professor für Molekulare Krebsforschung;MEF;Link;NA;Sartori, Alessandro
178;NA;Scaramuzza;Davide;Dr.;Ausserord. Professor für Robotics and Perception;WWF;Link;NA;Scaramuzza, Davide
179;NA;Schaepman-Strub;Gabriela;Dr. sc. nat.;Ausserord. Professorin für Erdsystemwissenschaften;MNF;Link;NA;Schaepman-Strub, Gabriela
180;NA;Schaer;Dominik;Dr. med.;Ausserord. Professor für Allgemeine Innere Medizin;MEF;Link;NA;Schaer, Dominik
181;NA;Scharl;Michael;Dr. med.;Assistenzprofessor für Molekulare Medizin, Peter Hans Hofschneider Stiftungsprofessur für Molekulare Me;MEF;Link;NA;Scharl, Michael
182;NA;Scherer;Anne;Dr.;Assistenzprofessorin für Quantitative Marketing;WWF;Link;NA;Scherer, Anne
183;NA;Schippling;Sven;Dr. med.;Assistenzprofessor für Multimodale Bildgebung in der Neurologie;MEF;Link;NA;Schippling, Sven
184;NA;Schmitt-Opitz;Isabelle;Dr. med.;Ausserord. Professorin für Thoraxchirurgie, speziell der pulmonalen Gefässe;MEF;Link;NA;Schmitt-Opitz, Isabelle
185;NA;Schünemann;Verena J.;Dr.;Assistenzprofessorin für Paläogenetik;MEF;Link;NA;Schünemann, Verena J.
186;NA;Schüpbach;Reto;Dr. med.;Ausserord. Professor für Intensivmedizin;MEF;Link;NA;Schüpbach, Reto
187;NA;Segal;Carmit;Dr.;Ausserord. Professorin für Managerial Economics;WWF;Link;NA;Segal, Carmit
188;NA;Senn;Oliver;Dr. med.;Assistenzprofessor für Versorgungsforschung in der Hausarztmedizin;MEF;Link;NA;Senn, Oliver
189;NA;Serra;Nicola;Dr.;Ausserord. Professor für Physik;MNF;Link;NA;Serra, Nicola
190;NA;Seuken;Sven;Dr.;Ausserord. Professor für Computation and Economics;WWF;Link;NA;Seuken, Sven
191;NA;Shanahan;Lilly;Dr.;Ausserord. Professorin für Klinische Entwicklungspsychologie;PHF;Link;NA;Shanahan, Lilly
192;NA;Sidler;Xaver;Dr. med. vet. FVH;Ausserord. Professor für Schweinemedizin;VSF;Link;NA;Sidler, Xaver
193;NA;Sieber-Ruckstuhl;Nadja;Dr. med. vet.;Assistenzprofessorin für Endokrinologie;VSF;Link;NA;Sieber-Ruckstuhl, Nadja
194;NA;Signer;Adrian;Dr.;Ausserord. Professor für Theoretische Physik;MNF;Link;NA;Signer, Adrian
195;NA;Snedeker;Jess Gerrit;Dr.;Ausserord. Professor für Orthopädische Biomechanik;MEF;Link;NA;Snedeker, Jess Gerrit
196;NA;Sobral Mourao;Ana;Dr.;Assistenzprofessorin für Global Literatures in English;PHF;Link;NA;Sobral Mourao, Ana
197;NA;Soltermann;Alex;Dr.;Assistenzprofessor für Tumorpathologie;MEF;Link;NA;Soltermann, Alex
198;NA;Sonnenhauser;Barbara;Dr.;Ausserord. Professorin für Slavische Sprachwissenschaft;PHF;Link;NA;Sonnenhauser, Barbara
199;NA;Srinivasan;Murali;Dr.;Assistenzprofessor für Allgemein-, Behinderten- und Seniorenzahnmedizin;MEF;Link;NA;Srinivasan, Murali
200;NA;Staub;Fritz;Dr.;Ausserord. Professor für Gymnasialpädagogik sowie Lehr- und Lernforschung;PHF;Link;NA;Staub, Fritz
201;NA;Steiner;Jakub;Dr.;Ausserord. Professor für Mikroökonomische Theorie;WWF;Link;NA;Steiner, Jakub
202;NA;Stertz;Silke;Dr.;Assistenzprofessorin für Molekulare Virologie;MEF;Link;NA;Stertz, Silke
203;NA;Steurer;Johann;Dr. med.;Ausserord. Professor für Innere Medizin, speziell praxisorientierte Forschung und Wissenstransfer;MEF;Link;NA;Steurer, Johann
204;NA;Stockmann;Christian;Dr.;Assistenzprofessor für Molekulare Medizin in der Anatomie;MEF;Link;NA;Stockmann, Christian
205;NA;Stoll;Sabine;Dr.;Assistenzprofessorin für Allgemeine Sprachwissenschaft;PHF;Link;NA;Stoll, Sabine
206;NA;Straumann;Barbara;Dr.;Assistenzprofessorin für Englische Literatur;PHF;Link;NA;Straumann, Barbara
207;NA;Straumann;Dominik;Dr. med.;Ausserord. Professor für Neurologie;MEF;Link;NA;Straumann, Dominik
208;NA;Stucki;Manuel;Dr. sci. nat.;Ausserord. Professor für Molekulare Gynäkologie;MEF;Link;NA;Stucki, Manuel
209;NA;Summers;Sarah Jane;Dr.;Assistenzprofessorin für Strafrecht, Strafprozessrecht und Kriminologie;RWF;Link;NA;Summers, Sarah Jane
210;NA;Süss;Daniel;Dr. phil.;Ausserord. Professor für Publizistikwissenschaft mit dem Schwerpunkt Mediensozialisation und Medienkompetenz;PHF;Link;NA;Süss, Daniel
211;NA;Tanner;Felix Christoph;Dr. med.;Ausserord. Professor für Kardiologie, speziell Pathophysiologie;MEF;Link;NA;Tanner, Felix Christoph
212;NA;Tanner Calmonte;Carmen;Dr. phil.;Ausserord. Professorin für Responsibility in Finance;WWF;Link;NA;Tanner Calmonte, Carmen
213;NA;Templin;Christian;Dr. med.;Assistenzprofessor für Akute Kardiologie, Sheikh Khalifa Stiftungsprofessur;MEF;Link;NA;Templin, Christian
214;NA;Tessone;Claudio Juan;Dr.;Assistenzprofessor für Network Science;WWF;Link;NA;Tessone, Claudio Juan
215;NA;Teyssier;Romain;Dr.;Ausserord. Professor für Computergestützte Astrophysik;MNF;Link;NA;Teyssier, Romain
216;NA;Thommen;Marc;Dr. iur.;Ausserord. Professor für Schweizerisches Strafrecht und Strafprozessrecht mit Schwerpunkt Wirtschafts- und Verwaltungsstrafrecht;RWF;Link;NA;Thommen, Marc
217;NA;Thouvenin;Florent;Dr. iur.;Ausserord. Professor für Informations- und Kommunikationsrecht;RWF;Link;NA;Thouvenin, Florent
218;NA;Tilley;Stanley David;Dr.;Assistenzprofessor für Molecular Approaches to Renewable Energies;MNF;Link;NA;Tilley, Stanley David
219;NA;Timofeeva;Olga;Dr.;Ausserord. Professorin für Historische Englische Sprachwissenschaft;PHF;Link;NA;Timofeeva, Olga
220;NA;Tobler;Philippe;Dr.;Ausserord. Professor für Neuroökonomie und Soziale Neurowissenschaften;WWF;Link;NA;Tobler, Philippe
221;NA;Torgerson;Paul;Dr. med. vet.;Ausserord. Professor für Veterinärepidemiologie;VSF;Link;NA;Torgerson, Paul
222;NA;Tyagarajan;Shiva;Dr.;Assistenzprofessor für Neuroentwicklungspharmakologie;MEF;Link;NA;Tyagarajan, Shiva
223;NA;Ullrich;Johannes;Dr.;Ausserord. Professor für Sozialpsychologie;PHF;Link;NA;Ullrich, Johannes
224;NA;Unkelbach;Jan;Dr.;Assistenzprofessor für Medizinische Physik;MEF;Link;NA;Unkelbach, Jan
225;NA;Valär;Rico Franc;Dr. phil.;Ausserord. Professor für Rätoromanische Literatur und Kultur;PHF;Link;NA;Valär, Rico Franc
226;NA;van den Broek;Maries;Dr.;Ausserord. Professorin für Experimentelle Immunologie;MEF;Link;NA;van den Broek, Maries
227;NA;van der Heijden;Marcel;Dr.;Ausserord. Professor für Agrarökologie und Pflanzen-Mikrobiom-Interaktionen;MNF;Link;NA;van der Heijden, Marcel
228;NA;van Gastel;Joris;Dr.;Assistenzprofessor für Kunstgeschichte der Neuzeit;PHF;Link;NA;van Gastel, Joris
229;NA;Verdeguer Sanchis;Francisco;Dr.;Assistenzprofessor für Intermediärstoffwechsel und Epigenetik;VSF;Link;NA;Verdeguer Sanchis, Francisco
230;NA;Vieli;Andreas;Dr.;Ausserord. Professor für Physische Geographie;MNF;Link;NA;Vieli, Andreas
231;NA;Wacharamanotham;Chatchavan;Dr.;Assistenzprofessor für Interaction Design;WWF;Link;NA;Wacharamanotham, Chatchavan
232;NA;Wagner;Alexander;Dr.;Ausserord. Professor für Finance;WWF;Link;NA;Wagner, Alexander
233;NA;Walser;Andreas Victor;Dr.;Assistenzprofessor für Geschichte der Alten Kulturen vom östlichen Mittelmeer bis zum Mittleren Osten;PHF;Link;NA;Walser, Andreas Victor
234;NA;Walthert;Rafael;Dr. phil.;Assistenzprofessor für Religionswissenschaft;THF;Link;NA;Walthert, Rafael
235;NA;Watzke;Birgit;Dr.;Ausserord. Professorin für Klinische Psychologie mit dem Schwerpunkt Psychotherapieforschung;PHF;Link;NA;Watzke, Birgit
236;NA;Weber;Franz E.;Dr.;Ausserord. Professor für Kraniofaziale und Orale Biotechnologie;MEF;Link;NA;Weber, Franz E.
237;NA;Weber;Achim;Dr. med.;Ausserord. Professor für Molekulare Pathologie;MEF;Link;NA;Weber, Achim
238;NA;Weber;Bruno;Dr.;Ausserord. Professor für Multimodale experimentelle Bildgebung;MEF;Link;NA;Weber, Bruno
239;NA;Weder;Walter;Dr. med.;Ausserord. Professor für Thoraxchirurgie;MEF;Link;NA;Weder, Walter
240;NA;Weiss;Markus;Dr. med.;Ausserord. Professor für Kinderanästhesiologie;MEF;Link;NA;Weiss, Markus
241;NA;Widmer;Thomas;Dr. phil.;Ausserord. Professor für Politikwissenschaft, besonders Evaluation;PHF;Link;NA;Widmer, Thomas
242;NA;Widmer;Paul;Dr.;Ausserord. Professor für Vergleichende Indogermanische Sprachwissenschaft;PHF;Link;NA;Widmer, Paul
243;NA;Wiegand;Daniel Johannes;Dr.;Assistenzprofessor für Filmwissenschaft;PHF;Link;NA;Wiegand, Daniel Johannes
244;NA;Wolf;Martin;Dr.;Ausserord. Professor für Biomedizinische Optik;MEF;Link;NA;Wolf, Martin
245;NA;Wolfer;David P.;Dr. med.;Ausserord. Professor für Anatomie;MEF;Link;NA;Wolfer, David P.
246;NA;Wong;Wendy Wei-Lynn;Dr.;Assistenzprofessorin für Experimentelle Immunologie;MNF;Link;NA;Wong, Wendy Wei-Lynn
247;NA;Wüthrich;Matthias D.;Dr.;Assistenzprofessor für Systematische Theologie;THF;Link;NA;Wüthrich, Matthias D.
248;NA;Yoo;Jaiyul;Dr.;Ausserord. Professor für Theoretische Kosmologie;MNF;Link;NA;Yoo, Jaiyul
249;NA;Zanetti;Sandro;Dr.;Ausserord. Professor für Allgemeine und Vergleichende Literaturwissenschaft;PHF;Link;NA;Zanetti, Sandro
250;NA;Zeisberger;Stefan;Dr.;Ausserord. Professor für Fintech - Experimental Finance;WWF;Link;NA;Zeisberger, Stefan
251;NA;Zerback;Thomas;Dr.;Assistenzprofessor für Politische Kommunikation;PHF;Link;NA;Zerback, Thomas
252;NA;Zimmermann;Alexander;Dr.;Ausserord. Professor für Gefässchirurgie;MEF;Link;NA;Zimmermann, Alexander
253;NA;Zinkernagel;Annelies;Dr. med. PhD, MSc;Assistenzprofessorin für Experimentelle Infektiologie;MEF;Link;NA;Zinkernagel, Annelies
254;NA;Zölitz;Ulf;Dr.;Assistenzprofessor für Ökonomik der Kinder- und Jugendentwicklung;WWF;Link;NA;Zölitz, Ulf
255;NA;Zünd;Gregor;Dr. med.;Ausserord. Professor für Chirurgie;MEF;Link;NA;Zünd, Gregor
256;NA;Abgrall;Rémi;Dr.;Ord. Professor für Angewandte Mathematik;MNF;Link;NA;Abgrall, Rémi
257;NA;Aebersold;Ruedi;Dr.;Ord. Professor für Funktionelle Genomik;MNF;Link;NA;Aebersold, Ruedi
258;NA;Aguzzi;Adriano;Dr. med.;Ord. Professor für Neuropathologie;MEF;Link;NA;Aguzzi, Adriano
259;NA;Akdis;Cezmi A.;Dr. med.;Ord. Professor für Experimentelle Allergologie und Immunologie;MEF;Link;NA;Akdis, Cezmi A.
260;NA;Alberto;Roger;Dr. sc. nat.;Ord. Professor für Anorganische Chemie;MNF;Link;NA;Alberto, Roger
261;NA;Alexander;Samuel Kern;Dr.;Ord. Professor für Privat-, Handels- und Finanzmarktrecht;RWF;Link;NA;Alexander, Samuel Kern
262;NA;Algesheimer;René;Dr. oec.;Ord. Professor für Marketing und Marktforschung;WWF;Link;NA;Algesheimer, René
263;NA;Alonso;José Luis;Dr.;Ord. Professor für Römisches Recht, Juristische Papyrologie und Privatrecht;RWF;Link;NA;Alonso, José Luis
264;NA;Alos-Ferrer;Carlos;Dr.;Ord. Professor für Entscheidungs- und Neuroökonomische Theorie, Nomis Professur für Entscheidungs- und Neuroökonomische Theorie;WWF;Link;NA;Alos-Ferrer, Carlos
265;NA;Arand;Michael;Dr.;Ord. Professor für Toxikologie und Pharmakologie;MEF;Link;NA;Arand, Michael
266;NA;Arnet;Ruth;Dr.;Ord. Professorin für Privatrecht mit Schwerpunkt Sachenrecht;RWF;Link;NA;Arnet, Ruth
267;NA;Attin;Thomas;Dr. med. dent.;Ord. Professor für Präventivzahnmedizin, Parodontologie und Kariologie;MEF;Link;NA;Attin, Thomas
268;NA;Avila;Artur;Dr.;Ord. Professor für Mathematik;MNF;Link;NA;Avila, Artur
269;NA;Ayoub;Joseph;Dr.;Ord. Professor für Reine Mathematik;MNF;Link;NA;Ayoub, Joseph
270;NA;Babusiaux;Ulrike;Dr.;Ord. Professorin für Römisches Recht, Privatrecht und Rechtsvergleichung;RWF;Link;NA;Babusiaux, Ulrike
271;NA;Backes-Gellner;Uschi;Dr.;Ord. Professorin für Allgemeine Betriebswirtschaftslehre, insb. empirische Methodik der Arbeitsbeziehungen und der Personalökonomik;WWF;Link;NA;Backes-Gellner, Uschi
272;NA;Bartling;Björn;Dr.;Ord. Professor für Behavioral and Experimental Economics;WWF;Link;NA;Bartling, Björn
273;NA;Bartuschat;Johannes;Dr.;Ord. Professor für Italienische Literatur;PHF;Link;NA;Bartuschat, Johannes
274;NA;Barz;Christiane;Dr.;Ord. Professorin für Mathematik der Wirtschaftswissenschaften;WWF;Link;NA;Barz, Christiane
275;NA;Bascompte;Jordi;Dr.;Ord. Professor für Ökologie;MNF;Link;NA;Bascompte, Jordi
276;NA;Basler;Konrad;Dr. phil.;Ord. Professor für Molekularbiologie;MNF;Link;NA;Basler, Konrad
277;NA;Battegay;Edouard;Dr. med.;Ord. Professor für Innere Medizin;MEF;Link;NA;Battegay, Edouard
278;NA;Baudis;Laura;Dr.;Ord. Professorin für Experimentalphysik;MNF;Link;NA;Baudis, Laura
279;NA;Baumgartner;Matthias;Dr. med.;Ord. Professor für Stoffwechselkrankheiten;MEF;Link;NA;Baumgartner, Matthias
280;NA;Baumgartner;Samuel P.;Dr.;Ord. Professor für Zivilprozessrecht, Vergleichendes Zivilprozessrecht, Schuldbetreibungs- und Konkursrecht, Privatrecht und Mediation;RWF;Link;NA;Baumgartner, Samuel P.
281;NA;Becher;Burkhard;Dr.;Ord. Professor für Experimentelle Immunologie;MEF;Link;NA;Becher, Burkhard
282;NA;Beck Schimmer;Beatrice;Dr. med.;Ord. Professorin für Anästhesiologie;MEF;Link;NA;Beck Schimmer, Beatrice
283;NA;Behr;Wolfgang;Dr.;Ord. Professor für Sinologie mit dem Schwerpunkt traditionelles China;PHF;Link;NA;Behr, Wolfgang
284;NA;Beliakova;Anna;Dr. rer. nat.;Ord. Professorin für Mathematik;MNF;Link;NA;Beliakova, Anna
285;NA;Berger;Wolfgang;Dr. rer. nat.;Ord. Professor für Medizinische Molekulargenetik;MEF;Link;NA;Berger, Wolfgang
286;NA;Berndt;Christian;Dr.;Ord. Professor für Wirtschaftsgeographie;MNF;Link;NA;Berndt, Christian
287;NA;Berndt;Frauke;Dr.;Ord. Professorin für Neuere deutsche Literaturwissenschaft;PHF;Link;NA;Berndt, Frauke
288;NA;Bernstein;Abraham;Dr.;Ord. Professor für Verteilte und Dynamische Anwendungssysteme;WWF;Link;NA;Bernstein, Abraham
289;NA;Bertoin;Jean;Dr.;Ord. Professor für Angewandte Mathematik;MNF;Link;NA;Bertoin, Jean
290;NA;Beuschlein;Felix;Dr.;Ord. Professor für Endokrinologie, Diabetologie und Stoffwechsel;MEF;Link;NA;Beuschlein, Felix
291;NA;Biaggini;Giovanni;Dr. iur.;Ord. Professor für Staats-, Verwaltungs- und Europarecht;RWF;Link;NA;Biaggini, Giovanni
292;NA;Bickel;Balthasar;Dr.;Ord. Professor für Allgemeine Sprachwissenschaft;PHF;Link;NA;Bickel, Balthasar
293;NA;Biller-Andorno;Nikola;Dr. med., Dr. phil.;Ord. Professorin für Biomedizinische Ethik;MEF;Link;NA;Biller-Andorno, Nikola
294;NA;Bischoff-Ferrari;Heike A.;Dr. med.;Ord. Professorin für Geriatrie und Altersforschung;MEF;Link;NA;Bischoff-Ferrari, Heike A.
295;NA;Bloch;Konrad Ernst;Dr. med.;Ord. Professor für Pneumologie, speziell klinische Atmungsphysiologie;MEF;Link;NA;Bloch, Konrad Ernst
296;NA;Bodenmann;Guy;Dr.;Ord. Professor für Klinische Psychologie;PHF;Link;NA;Bodenmann, Guy
297;NA;Böhlen;Michael Hanspeter;Dr.;Ord. Professor für Datenbanktechnologie;WWF;Link;NA;Böhlen, Michael Hanspeter
298;NA;Bollwein;Heinrich;Dr.;Ord. Professor für Reproduktionsmedizin;VSF;Link;NA;Bollwein, Heinrich
299;NA;Bommer;Felix Martin;Dr.;Ord. Professor für Strafrecht, Strafprozessrecht und Internationales Strafrecht;RWF;Link;NA;Bommer, Felix Martin
300;NA;Boskovska Leimgruber;Nada;Dr. phil.;Ord. Professorin für Osteuropäische Geschichte;PHF;Link;NA;Boskovska Leimgruber, Nada
301;NA;Böttger;Erik C.;Dr. med.;Ord. Professor für Medizinische Mikrobiologie;MEF;Link;NA;Böttger, Erik C.
302;NA;Brandstätter-Morawietz;Veronika;Dr. phil.;Ord. Professorin für Allgemeine Psychologie;PHF;Link;NA;Brandstätter-Morawietz, Veronika
303;NA;Bronfen;Elisabeth;Dr. phil.;Ord. Professorin für englische und amerikanische Literatur;PHF;Link;NA;Bronfen, Elisabeth
304;NA;Brunner;Damian;Dr.;Ord. Professor für Molekularbiologie;MNF;Link;NA;Brunner, Damian
305;NA;Buch;Thorsten;Dr.;Ord. Professor für Labortierkunde;VSF;Link;NA;Buch, Thorsten
306;NA;Bucher;Hugo;Dr.;Ord. Professor für Paläozoologie;MNF;Link;NA;Bucher, Hugo
307;NA;Büchler;Andrea;Dr.;Ord. Professorin für Privatrecht und Rechtsvergleichung;RWF;Link;NA;Büchler, Andrea
308;NA;Caflisch;Amedeo;Dr. sc. nat.;Ord. Professor für Computergestützte Strukturbiologie;MNF;Link;NA;Caflisch, Amedeo
309;NA;Canelli;Florencia;Dr.;Ord. Professorin für Experimentalphysik;MNF;Link;NA;Canelli, Florencia
310;NA;Caramani;Daniele;Dr.;Ord. Professor für Vergleichende Politik;PHF;Link;NA;Caramani, Daniele
311;NA;Cardelle Gonzalez;Maria del Carmen;Dr.;Ord. Professorin für Lateinische Philologie des Mittelalters und der Neuzeit sowie Historische Hilfswissenschaften;PHF;Link;NA;Cardelle Gonzalez, Maria del Carmen
312;NA;Cattaneo;Alberto S.;Dr.;Ord. Professor für Mathematik;MNF;Link;NA;Cattaneo, Alberto S.
313;NA;Cheneval;Francis;Dr. phil.;Ord. Professor für Politische Philosophie;PHF;Link;NA;Cheneval, Francis
314;NA;Chesney;Marc;Dr.;Ord. Professor für Quantitative Finance;WWF;Link;NA;Chesney, Marc
315;NA;Chiavacci;David;Dr.;Ord. Professor für sozialwissenschaftliche Japanologie;PHF;Link;NA;Chiavacci, David
316;NA;Clavien;Pierre-Alain;Dr. med.;Ord. Professor für Viszeral- und Transplantationschirurgie;MEF;Link;NA;Clavien, Pierre-Alain
317;NA;Condrau;Flurin;Dr.;Ord. Professor für Medizingeschichte;MEF;Link;NA;Condrau, Flurin
318;NA;Conti;Elena;Dr.;Ord. Professorin für Evolutionäre Pflanzenbiologie;MNF;Link;NA;Conti, Elena
319;NA;Crawford;Gregory S.;Dr.;Ord. Professor für Applied Microeconomics;WWF;Link;NA;Crawford, Gregory S.
320;NA;Criblez;Lucien;Dr. phil.;Ord. Professor für Pädagogik mit Schwerpunkt Historische Bildungsforschung und Steuerung des Bildungssystems;PHF;Link;NA;Criblez, Lucien
321;NA;Crivelli Speciale;Tatiana;Dr. phil.;Ord. Professorin für Italienische Literaturwissenschaft;PHF;Link;NA;Crivelli Speciale, Tatiana
322;NA;Curt;Armin;Dr. med.;Ord. Professor für Paraplegiologie;MEF;Link;NA;Curt, Armin
323;NA;Daniel;Hans-Dieter;Dr., Ordinarius der ETH;Ord. Professor für Empirische Hochschulforschung;PHF;Link;NA;Daniel, Hans-Dieter
324;NA;Daum;Moritz;Dr.;Ord. Professor für Entwicklungspsychologie;PHF;Link;NA;Daum, Moritz
325;NA;De Lellis;Camillo;Dr.;Ord. Professor für Reine Mathematik;MNF;Link;NA;De Lellis, Camillo
326;NA;Della Casa;Philippe;Dr. phil.;Ord. Professor für Ur- und Frühgeschichte;PHF;Link;NA;Della Casa, Philippe
327;NA;Dennerlein;Bettina;Dr.;Ord. Professorin für Gender Studies und Islamwissenschaft;PHF;Link;NA;Dennerlein, Bettina
328;NA;Deplazes;Peter;Dr. med. vet.;Ord. Professor für Parasitologie;VSF;Link;NA;Deplazes, Peter
329;NA;Devuyst;Olivier;Dr.;Ord. Professor für Physiologie;MEF;Link;NA;Devuyst, Olivier
330;NA;Dietl;Helmut Max;Dr.;Ord. Professor für Services- und Operationsmanagement;WWF;Link;NA;Dietl, Helmut Max
331;NA;Diggelmann;Oliver;Dr. iur., LL.M.;Ord. Professor für Völkerrecht, Europarecht, Öffentliches Recht und Staatsphilosophie;RWF;Link;NA;Diggelmann, Oliver
332;NA;Distler;Oliver;Dr. med.;Ord. Professor für Rheumatologie;MEF;Link;NA;Distler, Oliver
333;NA;Domej;Tanja;Dr.;Ord. Professorin für Zivilverfahrensrecht, Privatrecht, Internationales Privatrecht und Rechtsvergleichung;RWF;Link;NA;Domej, Tanja
334;NA;Dorn;David;Dr.;Ord. Professor für International Trade and Labor Markets;WWF;Link;NA;Dorn, David
335;NA;Dummer;Reinhard;Dr. med.;Ord. Professor für Dermatologie;MEF;Link;NA;Dummer, Reinhard
336;NA;Dürscheid;Christa;Dr. phil.;Ord. Professorin für Deutsche Sprache, insbesondere Gegenwartssprache;PHF;Link;NA;Dürscheid, Christa
337;NA;Dutzler;Raimund;Dr.;Ord. Professor für Biochemie;MEF;Link;NA;Dutzler, Raimund
338;NA;Eberl;Leo;Dr.;Ord. Professor für Mikrobiologie;MNF;Link;NA;Eberl, Leo
339;NA;Ehlert;Ulrike;Dr. rer. nat.;Ord. Professorin für Klinische Psychologie;PHF;Link;NA;Ehlert, Ulrike
340;NA;Eigler;Ulrich;Dr.;Ord. Professor für Klassische Philologie, insbesondere Latein;PHF;Link;NA;Eigler, Ulrich
341;NA;Eisenegger;Mark;Dr.;"Ord. Professor für Publizistikwissenschaft mit dem Schwerpunkt ""Öffentlichkeit und Gesellschaft""";PHF;Link;NA;Eisenegger, Mark
342;NA;Eisner;Manuel;Dr.;Ord. Professor für Lebenslauf und Kriminalität;PHF;Link;NA;Eisner, Manuel
343;NA;Eliades;Theodore;Dr.;Ord. Professor für Kieferorthopädie und Kinderzahnmedizin;MEF;Link;NA;Eliades, Theodore
344;NA;Ernst;Wolfgang;Dr. iur.;Ord. Professor für Römisches Recht und Privatrecht;RWF;Link;NA;Ernst, Wolfgang
345;NA;Esser;Frank;Dr.;Ord. Professor für Publizistikwissenschaft mit Schwerpunkt Vergleichende Medienforschung;PHF;Link;NA;Esser, Frank
346;NA;Ewerhart;Christian;Dr. rer. pol.;Ord. Professor für Informations- und Vertragsökonomik;WWF;Link;NA;Ewerhart, Christian
347;NA;Fabrikant;Sara Irina;Dr.;Ord. Professorin für Geographie, inbesondere Geographische Informationswissenschaft;MNF;Link;NA;Fabrikant, Sara Irina
348;NA;Farshad;Mazda;Dr. med.;Ord. Professor für Orthopädie;MEF;Link;NA;Farshad, Mazda
349;NA;Fehr;Ernst;Dr. rer. soc. oec.;Ord. Professor für Volkswirtschaftslehre mit den Schwerpunkten Sozialpolitik, Arbeitsmarkt- und Verteilungstheorie;WWF;Link;NA;Fehr, Ernst
350;NA;Fink;Daniel A.;Dr. med.;Ord. Professor für Frauenheilkunde;MEF;Link;NA;Fink, Daniel A.
351;NA;Finke;Peter;Dr.;Ord. Professor für Ethnologie;PHF;Link;NA;Finke, Peter
352;NA;Flitsch;Mareile;Dr.;Ord. Professorin für Ethnologie;PHF;Link;NA;Flitsch, Mareile
353;NA;Flückiger;Barbara;Dr. phil.;Ord. Professorin für Flmwissenschaft;PHF;Link;NA;Flückiger, Barbara
354;NA;Fraefel;Cornel;Dr. sc. nat. ETH;Ord. Professor für Virologie;VSF;Link;NA;Fraefel, Cornel
355;NA;Franck;Egon;Dr. oec. publ.;Ord. Professor für Betriebswirtschaftslehre mit Schwerpunkt Strategische Unternehmensführung und Unternehmenspolitik;WWF;Link;NA;Franck, Egon
356;NA;Freund;Alexandra M.;Dr.;Ord. Professorin für Entwicklungspsychologie: Erwachsenenalter;PHF;Link;NA;Freund, Alexandra M.
357;NA;Frey;Jörg;Dr.;Ord. Professor für Neutestamentliche Wissenschaft mit den Schwerpunkten Antikes Judentum und Hermen;THF;Link;NA;Frey, Jörg
358;NA;Fritschy;Jean-Marc;Dr. phil. nat.;Ord. Professor für Neuropharmakologie;MEF;Link;NA;Fritschy, Jean-Marc
359;NA;Fürst;Anton;Dr. med. vet., dipl. ECVS;Ord. Professor für Pferdechirurgie;VSF;Link;NA;Fürst, Anton
360;NA;Gächter;Thomas;Dr. iur.;Ord. Professor für Staatsrecht, Verwaltungsrecht und Sozialversicherungsrecht;RWF;Link;NA;Gächter, Thomas
361;NA;Gademann;Karl;Dr.;Ord. Professor für Organische Chemie und Chemische Biologie;MNF;Link;NA;Gademann, Karl
362;NA;Gall;Harald;Dr.;Ord. Professor für Software Engineering;WWF;Link;NA;Gall, Harald
363;NA;Gallo;Luigi M.;Dr. sc. techn., dipl. El.-Ing. ETH;Ord. Professor für Physiologie und Biomechanik des Kausystems;MEF;Link;NA;Gallo, Luigi M.
364;NA;Gassmann;Max;Dr. med. vet.;Ord. Professor für Veterinärphysiologie;VSF;Link;NA;Gassmann, Max
365;NA;Gehrmann;Thomas;Dr.;Ord. Professor für Theoretische Physik;MNF;Link;NA;Gehrmann, Thomas
366;NA;Gilardi;Fabrizio;Dr.;Ord. Professor für Policy-Analyse;PHF;Link;NA;Gilardi, Fabrizio
367;NA;Gilmour;Darren;Dr.;Ord. Professor für Molekulare Entwicklungsbiologie;MNF;Link;NA;Gilmour, Darren
368;NA;Giovanoli;Pietro;Dr.;Ord. Professor für Wiederherstellungschirurgie;MEF;Link;NA;Giovanoli, Pietro
369;NA;Giuriato;Davide;Dr.;Ord. Professor für Neuere deutsche Literaturwissenschaft;PHF;Link;NA;Giuriato, Davide
370;NA;Glaser;Elvira;Dr. phil.;Ord. Professorin für Germanische Philologie;PHF;Link;NA;Glaser, Elvira
371;NA;Glessgen;Martin-Dietrich;Dr.;Ord. Professor für Romanische Philologie unter bes. Berücksichtigung der französischen Sprachwissenschaft;PHF;Link;NA;Glessgen, Martin-Dietrich
372;NA;Glock;Hans-Johann;Dr.;Ord. Professor für Philosophie mit besonderer Berücksichtigung der Theoretischen Philosophie;PHF;Link;NA;Glock, Hans-Johann
373;NA;Gockel;Bettina;Dr.;Ord. Professorin für Geschichte der bildenden Kunst;PHF;Link;NA;Gockel, Bettina
374;NA;Goltermann;Svenja;Dr.;Ord. Professorin für Geschichte der Neuzeit;PHF;Link;NA;Goltermann, Svenja
375;NA;Gonon;Philipp;Dr.;Ord. Professor für Berufsbildung;PHF;Link;NA;Gonon, Philipp
376;NA;Gorodnik;Alexander;Dr.;Ord. Professor für Dynamische Systeme und Ergodentheorie;MNF;Link;NA;Gorodnik, Alexander
377;NA;Göx;Robert F.;Dr.;Ord. Professor für Managerial Accounting;WWF;Link;NA;Göx, Robert F.
378;NA;Graber;Christoph Beat;Dr.;Ord. Professor für Rechtssoziologie mit besonderer Berücksichtigung des Medienrechts;RWF;Link;NA;Graber, Christoph Beat
379;NA;Greber;Urs;Dr. phil.;Ord. Professor für Molekulare Zellbiologie;MNF;Link;NA;Greber, Urs
380;NA;Griffel;Alain;Dr. iur.;Ord. Professor für Staats- und Verwaltungsrecht mit Schwerpunkt Raumplanungs-, Bau- und Umweltrecht;RWF;Link;NA;Griffel, Alain
381;NA;Grimm;Christian;Dr. phil. nat.;Ord. Professor für Experimentelle Ophthalmologie;MEF;Link;NA;Grimm, Christian
382;NA;Groote;Inga Mai;Dr. phil.;Ord. Professorin für Musikwissenschaft;PHF;Link;NA;Groote, Inga Mai
383;NA;Grossniklaus;Ueli;Dr. phil. II;Ord. Professor für Entwicklungsbiologie der Pflanzen;MNF;Link;NA;Grossniklaus, Ueli
384;NA;Grotzer;Michael;Dr. med.;Ord. Professor für Pädiatrie;MEF;Link;NA;Grotzer, Michael
385;NA;Guckenberger;Matthias;Dr.;Ord. Professor für Radio-Onkologie;MEF;Link;NA;Guckenberger, Matthias
386;NA;Günthard;Huldrych;Dr. med.;Ord. Professor für Klinische Infektiologie;MEF;Link;NA;Günthard, Huldrych
387;NA;Haas;Ulrich;Dr.;Ord. Professor für Zivilverfahrens- und Privatrecht;RWF;Link;NA;Haas, Ulrich
388;NA;Habib;Michel;Dr.;Ord. Professor für Corporate Finance Theorie;WWF;Link;NA;Habib, Michel
389;NA;Hafen;Ernst;Dr.;Ord. Professor für Molekulare Entwicklungsbiologie;MNF;Link;NA;Hafen, Ernst
390;NA;Hahnloser;Richard;Dr.;Ord. Professor für Neuroinformatik;MNF;Link;NA;Hahnloser, Richard
391;NA;Hajnal;Alex;Dr.;Ord. Professor für Entwicklungsbiologie;MNF;Link;NA;Hajnal, Alex
392;NA;Halbig;Christoph;Dr.;Ord. Professor für Allgemeine Ethik;PHF;Link;NA;Halbig, Christoph
393;NA;Hamm;Peter;Dr.;Ord. Professor für Physikalische Chemie;MNF;Link;NA;Hamm, Peter
394;NA;Hämmerle;Christoph;Dr. med. dent.;Ord. Professor für Kronen- und Brückenprothetik, Teilprothetik und zahnärztliche Materialkunde;MEF;Link;NA;Hämmerle, Christoph
395;NA;Hargittai;Eszter;Dr.;Ord. Professorin für Publizistik- und Kommunikationswissenschaft mit dem Schwerpunkt 'Mediennutzung und Medienrealität';PHF;Link;NA;Hargittai, Eszter
396;NA;Hatt;Jean-Michel;Dr. med. vet., MSc, Dipl ACZM, Dipl ECZM (Avian);Ord. Professor für Zoo-, Heim- und Wildtiermedizin;VSF;Link;NA;Hatt, Jean-Michel
397;NA;Hausendorf;Heiko;Dr.;Ord. Professor für Deutsche Sprachwissenschaft;PHF;Link;NA;Hausendorf, Heiko
398;NA;Häusermann;Silja;Dr.;Ord. Professorin für Schweizer Politik und Vergleichende politische Ökonomie;PHF;Link;NA;Häusermann, Silja
399;NA;Hedderich;Ingeborg;Dr.;Ord. Professorin für Sonderpädagogik mit Schwerpunkt Gesellschaft, Partizipation und Behinderung;PHF;Link;NA;Hedderich, Ingeborg
400;NA;Heinemann;Andreas;Dr.;Ord. Professor für Handels-, Wirtschafts- und Europarecht;RWF;Link;NA;Heinemann, Andreas
401;NA;Heiss;Helmut;Dr.;Ord. Professor für Privatrecht mit Schwerpunkt Obligationenrecht, Rechtsvergleichung und Internationales Privatrecht;RWF;Link;NA;Heiss, Helmut
402;NA;Held;Leonhard;Dr.;Ord. Professor für Biostatistik;MEF;Link;NA;Held, Leonhard
403;NA;Helmchen;Fritjof;Dr.;Ord. Professor für Neurowissenschaften;MEF;Link;NA;Helmchen, Fritjof
404;NA;Hengartner;Michael;Dr., Rektor;Ord. Professor für Molekularbiologie;MNF;Link;NA;Hengartner, Michael
405;NA;Hennet;Thierry;Dr.;Ord. Professor für Humanbiologie;MEF;Link;NA;Hennet, Thierry
406;NA;Hens;Thorsten;Dr.;Ord. Professor für Finanzmarktökonomie;WWF;Link;NA;Hens, Thorsten
407;NA;Hilty;Reto M.;Dr. iur.;Ord. Professor für Immaterialgüterrecht;RWF;Link;NA;Hilty, Reto M.
408;NA;Hock;Christoph;Dr. med.;Ord. Professor für Biologische Psychiatrie;MEF;Link;NA;Hock, Christoph
409;NA;Hodler;Jürg;Dr. med.;Ord. Professor für Diagnostische und Interventionelle Radiologie;MEF;Link;NA;Hodler, Jürg
410;NA;Hoerstrup;Simon;Dr. med. PhD;Ord. Professor für Regenerative Medizin;MEF;Link;NA;Hoerstrup, Simon
411;NA;Hoffmann;Mathias;Dr.;Ord. Professor für International Trade and Finance;WWF;Link;NA;Hoffmann, Mathias
412;NA;Hothorn;Torsten;Dr.;Ord. Professor für Computationale Biostatistik;MEF;Link;NA;Hothorn, Torsten
413;NA;Hottiger;Michael O.;Dr. met. vet. et Dr. phil. II;Ord. Professor für Biochemie und Molekularbiologie;VSF;Link;NA;Hottiger, Michael O.
414;NA;Huber;Alexander;Dr. med.;Ord. Professor für Otorhinolaryngologie, Hals- und Gesichtschirurgie;MEF;Link;NA;Huber, Alexander
415;NA;Hundt;Marianne;Dr.;Ord. Professorin für Englische Sprachwissenschaft;PHF;Link;NA;Hundt, Marianne
416;NA;Hutter;Jürg;Dr. phil.;Ord. Professor für Physikalische Chemie;MNF;Link;NA;Hutter, Jürg
417;NA;Imthurn;Bruno;Dr. med.;Ord. Professor für Gynäkologische Endokrinologie und Reproduktionsmedizin;MEF;Link;NA;Imthurn, Bruno
418;NA;Isidori;Gino;Dr.;Ord. Professor für Theoretische Physik;MNF;Link;NA;Isidori, Gino
419;NA;Jäggi;Carola;Dr.;Ord. Professorin für Kunstgeschichte des Mittelalters und der Archäologie der frühchristlicheund hoch- und spätmittelalterlichen Zeit;PHF;Link;NA;Jäggi, Carola
420;NA;Jaimovich;Nir;Dr.;Ord. Professor für Economics;WWF;Link;NA;Jaimovich, Nir
421;NA;Jakob;Dominique;Dr.;Ord. Professor für Privatrecht;RWF;Link;NA;Jakob, Dominique
422;NA;Jäncke;Lutz;Dr.;Ord. Professor für Neuropsychologie;PHF;Link;NA;Jäncke, Lutz
423;NA;Jessberger;Sebastian;Dr.;Ord. Professor für Neurowissenschaften;MEF;Link;NA;Jessberger, Sebastian
424;NA;Jonas;Klaus;Dr. rer. soc., Dipl.-Psych., Dekan der Philosophischen Fak.;Ord. Professor für Sozialpsychologie;PHF;Link;NA;Jonas, Klaus
425;NA;Jositsch;Daniel;Dr. iur.;Ord. Professor für Strafrecht, Strafprozessrecht und strafrechtliche Hilfswissenschaften;RWF;Link;NA;Jositsch, Daniel
426;NA;Jucker;Andreas H.;Dr. phil.;Ord. Professor für Englische Sprachwissenschaft;PHF;Link;NA;Jucker, Andreas H.
427;NA;Just;Natascha Katharina;Dr.;Ord. Professorin für Publizistik- und Kommunikationswissenschaft mit dem Schwerpunkt Medienpolitik / Media und Internet Governance;PHF;Link;NA;Just, Natascha Katharina
428;NA;Kabatek;Johannes;Dr.;Ord. Professor für Romanische Philologie mit besonderer Berücksichtigung der iberoromanischen Sprachwissenschaft;PHF;Link;NA;Kabatek, Johannes
429;NA;Kaiser;Ulrich;Dr. rer. pol.;Ord. Professor für Entrepreneurship;WWF;Link;NA;Kaiser, Ulrich
430;NA;Kaufmann;Philipp;Dr. med.;Ord. Professor für Nuklearmedizin;MEF;Link;NA;Kaufmann, Philipp
431;NA;Kaufmann;Christine;Dr. iur.;Ord. Professorin für Staats-, Verwaltungs-, Völker- und Europarecht;RWF;Link;NA;Kaufmann, Christine
432;NA;Keil;Thomas;Dr.;Ord. Professor für International Management;WWF;Link;NA;Keil, Thomas
433;NA;Keller;Lukas;Dr.;Ord. Professor für Evolutionsbiologie;MNF;Link;NA;Keller, Lukas
434;NA;Keller;Helen;Dr. iur.;Ord. Professorin für Öffentliches Recht, Europarecht und Völkerrecht;RWF;Link;NA;Keller, Helen
435;NA;Keller;Beat;Dr. phil.;Ord. Professor für Pflanzenbiologie, insbesondere Molekularbiologie der Pflanzen;MNF;Link;NA;Keller, Beat
436;NA;Kiener;Regina;Dr.;Ord. Professorin für Öffentliches Recht;RWF;Link;NA;Kiener, Regina
437;NA;Kiening;Christian;Dr.;Ord. Professor für Deutsche Literaturwissenschaft (von den Anfängen bis 1700);PHF;Link;NA;Kiening, Christian
438;NA;Kilminster;Benjamin John;Dr.;Ord. Professor für Experimentelle Teilchenphysik;MNF;Link;NA;Kilminster, Benjamin John
439;NA;Kipar;Anja;Dr.;Ord. Professorin für Veterinärpathologie;VSF;Link;NA;Kipar, Anja
440;NA;Kleim;Birgit;Dr.;Ord. Professorin für Experimentelle Psychopathologie und Psychotherapie;PHF;Link;NA;Kleim, Birgit
441;NA;Kleinmann;Martin;Dr.;Ord. Professor für Arbeits- und Organisationspsychologie;PHF;Link;NA;Kleinmann, Martin
442;NA;Kley;Andreas;Dr. rer. publ.;Ord. Professor für Öffentliches Recht, Verfassungsgeschichte, Rechts- und Staatsphilosophie;RWF;Link;NA;Kley, Andreas
443;NA;Klinkert;Thomas;Dr.;Ord. Professor für Französische Literaturwissenschaft (1500 bis Gegenwart);PHF;Link;NA;Klinkert, Thomas
444;NA;Köbele;Susanne;Dr.;Ord. Professorin für Ältere Deutsche Literaturwissenschaft;PHF;Link;NA;Köbele, Susanne
445;NA;Kohler;Malcolm;Dr. med.;Ord. Professor für Pneumologie;MEF;Link;NA;Kohler, Malcolm
446;NA;Kokko;Hanna;Dr.;Ord. Professorin für Evolutionäre Ökologie;MNF;Link;NA;Kokko, Hanna
447;NA;Kolb;Anne;Dr.;Ord. Professorin für Alte Geschichte;PHF;Link;NA;Kolb, Anne
448;NA;König;Barbara;Dr. rer. nat.;Ord. Professorin für Zoologie, speziell Verhaltensbiologie;MNF;Link;NA;König, Barbara
449;NA;Korf;Benedikt;Dr.;Ord. Professor für Politische Geographie;MNF;Link;NA;Korf, Benedikt
450;NA;Krauthammer;Michael;Dr.;Ord. Professor für Medizininformatik;MEF;Link;NA;Krauthammer, Michael
451;NA;Kresch;Andrew;Dr.;Ord. Professor für Reine Mathematik;MNF;Link;NA;Kresch, Andrew
452;NA;Kretschmar;Oliver;Dr. med.;Ord. Professor für Pädiatrische Kardiologie;MEF;Link;NA;Kretschmar, Oliver
453;NA;Krüger;Thomas;Dr.;Ord. Professor für Alttestamentliche Wissenschaft und altorientalische Religionsgeschichte;THF;Link;NA;Krüger, Thomas
454;NA;Krüger;Gesine;Dr. phil.;Ord. Professorin für Allgemeine Geschichte der Neuzeit;PHF;Link;NA;Krüger, Gesine
455;NA;Kübler;Felix;Dr.;Ord. Professor für Financial Economics;WWF;Link;NA;Kübler, Felix
456;NA;Kübler;Daniel;Dr. ès. sc. politiques;Ord. Professor für Demokratieforschung und Public Governance;PHF;Link;NA;Kübler, Daniel
457;NA;Kullak-Ublick;Gerd-Achim;Dr. med.;Ord. Professor für Klinische Pharmakologie und Toxikologie;MEF;Link;NA;Kullak-Ublick, Gerd-Achim
458;NA;Kunz;Ralph;Dr. theol.;Ord. Professor für Praktische Theologie;THF;Link;NA;Kunz, Ralph
459;NA;Laine;Anna-Liisa;Dr.;Ord. Professorin für Ökologie;MNF;Link;NA;Laine, Anna-Liisa
460;NA;Latzer;Michael;Dr.;Ord. Professor für Publizistik- und Kommunikationswissenschaft mit dem Schwerpunkt Medienwandel;PHF;Link;NA;Latzer, Michael
461;NA;Lehner;Christian F.;Dr.;Ord. Professor für Entwicklungsbiologie;MNF;Link;NA;Lehner, Christian F.
462;NA;Leippold;Markus;Dr. oec. HSG;Ord. Professor für Financial Engineering;WWF;Link;NA;Leippold, Markus
463;NA;Liesegang;Annette;Dr.;Ord. Professorin für Tierernährung;VSF;Link;NA;Liesegang, Annette
464;NA;Linder;Hans Peter;Ph. D.;Ord. Professor für Systematische Botanik;MNF;Link;NA;Linder, Hans Peter
465;NA;Linke;Angelika;Dr. phil.;Ord. Professorin für Deutsche Sprachwissenschaft;PHF;Link;NA;Linke, Angelika
466;NA;Loetz;Francisca;Dr.;Ord. Professorin für Allgemeine Geschichte der Neuzeit;PHF;Link;NA;Loetz, Francisca
467;NA;Loffing;Johannes;Dr. med.;Ord. Professor für Anatomie;MEF;Link;NA;Loffing, Johannes
468;NA;Lopez Guil;Itziar;Dr. phil.;Ord. Professorin für Iberoromanische Literaturwissenschaft;PHF;Link;NA;Lopez Guil, Itziar
469;NA;Loporcaro;Michele;Dr. phil.;Ord. Professor für Romanische Sprachwissenschaft, insbesondere historische Sprachwissenschaft des Italienischen;PHF;Link;NA;Loporcaro, Michele
470;NA;Luedtke;Nathan W.;Dr.;Ord. Professor für Organische Chemie und Chemische Biologie;MNF;Link;NA;Luedtke, Nathan W.
471;NA;Lütteken;Laurenz;Dr.;Ord. Professor für Musikwissenschaft;PHF;Link;NA;Lütteken, Laurenz
472;NA;Lutz;Thomas;Dr. med. vet.;Ord. Professor für Veterinärphysiologie;VSF;Link;NA;Lutz, Thomas
473;NA;Maag Merki;Katharina;Dr. phil.;"Ord. Professorin für Pädagogik mit dem Schwerpunkt ""Theorie und Empirie schulischer Bildungsprozesse""";PHF;Link;NA;Maag Merki, Katharina
474;NA;Maercker;Andreas;Dr., Dr.;Ord. Professor für Psychopathologie;PHF;Link;NA;Maercker, Andreas
475;NA;Mahlmann;Matthias;Dr.;Ord. Professor für Rechtstheorie, Rechtssoziologie und internationales öffentliches Recht;RWF;Link;NA;Mahlmann, Matthias
476;NA;Maisano;Francesco;Dr. med.;Ord. Professor für  Herzchirurgie;MEF;Link;NA;Maisano, Francesco
477;NA;Malinar;Angelika;Dr.;Ord. Professorin für Indologie;PHF;Link;NA;Malinar, Angelika
478;NA;Manser;Marta;Dr.;Ord. Professorin für Verhaltensbiologie;MNF;Link;NA;Manser, Marta
479;NA;Mansuy;Isabelle;Dr.;Ord. Professorin für Neuroepigenetik;MEF;Link;NA;Mansuy, Isabelle
480;NA;Manz;Markus;Dr.;Ord. Professor für Hämatologie;MEF;Link;NA;Manz, Markus
481;NA;Maréchal;Michel;Dr.;Ord. Professor für Economics of Organizations and Behavior;WWF;Link;NA;Maréchal, Michel
482;NA;Martin;Roland;Dr. med.;Ord. Professor für Neurologie, insbesondere Neuroimmunologie;MEF;Link;NA;Martin, Roland
483;NA;Martin;Mike;Dr.;Ord. Professor für Gerontopsychologie;PHF;Link;NA;Martin, Mike
484;NA;Matteotti;René;Dr.;Ord. Professor für Schweizerisches, europäisches und internationales Steuerrecht;RWF;Link;NA;Matteotti, René
485;NA;Medalia;Ohad;Dr.;Ord. Professor für Biochemie;MEF;Link;NA;Medalia, Ohad
486;NA;Menges;Jochen;Dr.;Ord. Professor für Human Resource Management und Leadership;WWF;Link;NA;Menges, Jochen
487;NA;Meuli;Martin;Dr. med.;Ord. Professor für Kinderchirurgie;MEF;Link;NA;Meuli, Martin
488;NA;Meyer;Frank;Dr.;Ord. Professor für Strafrecht und Strafprozessrecht unter Einschluss des internationalen Strafrechts;RWF;Link;NA;Meyer, Frank
489;NA;Michaelowa;Katharina;Dr.;Ord. Professorin für Politische Ökonomie der Entwicklungs- und Schwellenländer;PHF;Link;NA;Michaelowa, Katharina
490;NA;Mitsiadis;Thimios A.;Dr.;Ord. Professor für Orale Biologie;MEF;Link;NA;Mitsiadis, Thimios A.
491;NA;Moch;Holger;Dr. med.;Ord. Professor für Pathologie;MEF;Link;NA;Moch, Holger
492;NA;Moeckli;Daniel;Dr.;Ord. Professor für Öffentliches Recht mit internationaler und rechtsvergleichender Ausrichtung;RWF;Link;NA;Moeckli, Daniel
493;NA;Moore;Ben;Dr.;Ord. Professor für Theoretische Physik;MNF;Link;NA;Moore, Ben
494;NA;Moser Opitz;Elisabeth;Dr.;Ord. Professorin für Sonderpädagogik mit Schwerpunkt 'Bildung und Integration';PHF;Link;NA;Moser Opitz, Elisabeth
495;NA;Müller Nielaba;Daniel;Dr.;Ord. Professor für Neuere deutsche Literatur;PHF;Link;NA;Müller Nielaba, Daniel
496;NA;Müller-Wille;Klaus;Dr.;Ord. Professor für Nordische Philologie;PHF;Link;NA;Müller-Wille, Klaus
497;NA;Münz;Christian;Dr.;Ord. Professor für Experimentelle Immunologie;MEF;Link;NA;Münz, Christian
498;NA;Näf;Beat;Dr. phil.;Ord. Professor für Alte Geschichte;PHF;Link;NA;Näf, Beat
499;NA;Nägeli;Hanspeter;Dr. med. vet.;Ord. Professor für Toxikologie;VSF;Link;NA;Nägeli, Hanspeter
500;NA;Natter;Martin;Dr.;Ord. Professor für Marketing;WWF;Link;NA;Natter, Martin
501;NA;Naumann;Barbara;Dr. phil.;Ord. Professorin für Neuere deutsche Literatur;PHF;Link;NA;Naumann, Barbara
502;NA;Netzer;Nick;Dr. rer. pol.;Ord. Professor für Mikroökonomik;WWF;Link;NA;Netzer, Nick
503;NA;Neuhauss;Stephan;Dr.;Ord. Professor für Neurobiologie;MEF;Link;NA;Neuhauss, Stephan
504;NA;Nevado Blazquez;Cristina;Dr.;Ord. Professorin für Organische Chemie;MNF;Link;NA;Nevado Blazquez, Cristina
505;NA;Nikeghbali;Ashkan;Dr.;Ord. Professor für Finanzmathematik;MNF;Link;NA;Nikeghbali, Ashkan
506;NA;Nitsch;Roger M.;Dr. med.;Ord. Professor für Molekulare Psychiatrie;MEF;Link;NA;Nitsch, Roger M.
507;NA;Nyborg;Kjell G.;Dr.;Ord. Professor für Corporate Finance;WWF;Link;NA;Nyborg, Kjell G.
508;NA;Oberauer;Klaus;Dr.;Ord. Professor für Allgemeine Psychologie mit dem Schwerpunkt Kognitive Psychologie;PHF;Link;NA;Oberauer, Klaus
509;NA;Oesch;Matthias;Dr.;Ord. Professor für Öffentliches Recht, Europarecht und Wirtschaftsvölkerrecht;RWF;Link;NA;Oesch, Matthias
510;NA;Oesch;David;Dr.;Ord. Professor für Financial Accounting;WWF;Link;NA;Oesch, David
511;NA;Ongena;Steven;Dr.;Ord. Professor für Banking;WWF;Link;NA;Ongena, Steven
512;NA;Opitz;Peter;Dr. theol., Dekan der Theologischen Fakultät;Ord. Professor für Kirchengeschichte von der Reformationszeit bis zur Gegenwart;THF;Link;NA;Opitz, Peter
513;NA;Ossa;Ralph;Dr.;Ord. Professor für Ökonomik der Globalisierung und der Schwellenländer, gestiftet vom UBS International Center of Economics in Society;WWF;Link;NA;Ossa, Ralph
514;NA;Osterwalder;Jürg;Dr. sc. nat.;Ord. Professor für Experimentalphysik;MNF;Link;NA;Osterwalder, Jürg
515;NA;Pajarola;Renato;Dr.;Ord. Professor für Multimedia und Visualisierung;WWF;Link;NA;Pajarola, Renato
516;NA;Paolella;Marc;Dr. sc. pol.;Ord. Professor für Empirical Finance;WWF;Link;NA;Paolella, Marc
517;NA;Pape;Hans-Christoph;Dr.;Ord. Professor für Traumatologie des Bewegungsapparates;MEF;Link;NA;Pape, Hans-Christoph
518;NA;Patzke;Greta R.;Dr.;Ord. Professorin für Chemie;MNF;Link;NA;Patzke, Greta R.
519;NA;Pelkmans;Lucas;Dr.;Ord. Professor für Molekularbiologie, Ernst-Hadorn-Stiftungsprofessur;MNF;Link;NA;Pelkmans, Lucas
520;NA;Peri;Francesca;Dr.;Ord. Professorin für Zelluläre Entwicklungsbiologie;MNF;Link;NA;Peri, Francesca
521;NA;Pernthaler;Jakob;Dr.;Ord. Professor für Aquatische Mikrobiologie;MNF;Link;NA;Pernthaler, Jakob
522;NA;Petchey;Owen L.;Dr.;Ord. Professor für Integrative Ökologie;MNF;Link;NA;Petchey, Owen L.
523;NA;Petko;Dominik;Dr.;Ord. Professor für Allgemeine Didaktik und Mediendidaktik;PHF;Link;NA;Petko, Dominik
524;NA;Pfaff;Dieter;Dr.;Ord. Professor für Betriebswirtschaftslehre;WWF;Link;NA;Pfaff, Dieter
525;NA;Plückthun;Andreas;Dr. phil.;Ord. Professor für Biochemie;MEF;Link;NA;Plückthun, Andreas
526;NA;Portmann;Wolfgang;Dr. iur.;Ord. Professor für Privat- und Arbeitsrecht;RWF;Link;NA;Portmann, Wolfgang
527;NA;Pozzi;Antonio;Dr.;Ord. Professor für Kleintierchirurgie;VSF;Link;NA;Pozzi, Antonio
528;NA;Prüssmann;Klaas P.;;Ord. Professor;MEF;Link;NA;Prüssmann, Klaas P.
529;NA;Puhan;Milo Alan;Dr.;Ord. Professor für Epidemiologie und Public Health;MEF;Link;NA;Puhan, Milo Alan
530;NA;Purves;Ross Stuart;Dr.;Ord. Professor für Geographische Informationswissenschaft;MNF;Link;NA;Purves, Ross Stuart
531;NA;Pycia;Marek G.;Dr.;Ord. Professor für Organisationsökonomik;WWF;Link;NA;Pycia, Marek G.
532;NA;Quitterer;Ursula;Dr.;Ord. Professorin für Molekulare Pharmakologie;MEF;Link;NA;Quitterer, Ursula
533;NA;Rauch;Anita;Dr.;Ord. Professorin für Medizinische Genetik;MEF;Link;NA;Rauch, Anita
534;NA;Rauhut;Heiko;Dr.;Ord. Professor für Sozialtheorie und quantitative Methoden;PHF;Link;NA;Rauhut, Heiko
535;NA;Razansky;Daniel;Dr.;Ord. Professor für Biomedizinische Bildgebung;MEF;Link;NA;Razansky, Daniel
536;NA;Reddick;Allen;Ph.D.;Ord. Professor für Englische Literatur;PHF;Link;NA;Reddick, Allen
537;NA;Regli;Luca;Dr.;Ord. Professor für Neurochirurgie;MEF;Link;NA;Regli, Luca
538;NA;Reichenbach;Roland;Dr.;Ord. Professor für Erziehungswissenschaft mit dem Schwerpunkt Allgemeine Erziehungswissenschaft;PHF;Link;NA;Reichenbach, Roland
539;NA;Reusch;Claudia;Dr.;Ord. Professorin für Innere Medizin der Kleintiere;VSF;Link;NA;Reusch, Claudia
540;NA;Reusser;Christoph;Dr.;Ord. Professor für Klassische Archäologie;PHF;Link;NA;Reusser, Christoph
541;NA;Riedweg;Christoph;Dr. phil.;Ord. Professor für Klassische Philologie / Gräzistik;PHF;Link;NA;Riedweg, Christoph
542;NA;Rieker;Peter;Dr.;"Ord. Professor für Pädagogik mit dem Schwerpunkt ""Ausserschulische Bildung und Erziehung""";PHF;Link;NA;Rieker, Peter
543;NA;Riemenschnitter;Andrea;Dr.;Ord. Professorin für Moderne Chinesische Spache und Literatur;PHF;Link;NA;Riemenschnitter, Andrea
544;NA;Riener;Robert;Dr.-Ing.;Ord. Professor für Sensomotorische Systeme;MEF;Link;NA;Riener, Robert
545;NA;Rochet;Jean-Charles;Dr.;Ord. Professor für Banking;WWF;Link;NA;Rochet, Jean-Charles
546;NA;Rogler;Gerhard;Dr. med. Dr. phil.;Ord. Professor für Gastroenterologie und Hepatologie;MEF;Link;NA;Rogler, Gerhard
547;NA;Rohrbach;Lena;Dr.;Ord. Professorin für Nordische Philologie;PHF;Link;NA;Rohrbach, Lena
548;NA;Rosemann;Thomas J.;Dr. med., Dr.;Ord. Professor für Hausarztmedizin;MEF;Link;NA;Rosemann, Thomas J.
549;NA;Rosenthal;Joachim;Dr.;Ord. Professor für Angewandte Mathematik;MNF;Link;NA;Rosenthal, Joachim
550;NA;Rössel;Jörg;Dr.;Ord. Professor für Soziologie;PHF;Link;NA;Rössel, Jörg
551;NA;Rost;Katja;Dr.;Ord. Professorin für Soziologie;PHF;Link;NA;Rost, Katja
552;NA;Ruch;Willibald;Dr.;Ord. Professor für Empirische Persönlichkeitspsychologie und Psychologische Diagnostik;PHF;Link;NA;Ruch, Willibald
553;NA;Rücker;Martin;Dr. Dr.;Ord. Professor für Mund-, Kiefer- und Gesichtschirurgie;MEF;Link;NA;Rücker, Martin
554;NA;Rudolph;Ulrich;Dr.;Ord. Professor für Islamwissenschaft;PHF;Link;NA;Rudolph, Ulrich
555;NA;Ruff;Christian;Dr.;Ord. Professor für Neuroeconomics and Decision Neuroscience;WWF;Link;NA;Ruff, Christian
556;NA;Rühli;Frank Jakobus;Dr. med., PhD;Ord. Professor für Evolutionäre Medizin;MEF;Link;NA;Rühli, Frank Jakobus
557;NA;Ruschitzka;Frank;Dr. med.;Ord. Professor für Kardiologie;MEF;Link;NA;Ruschitzka, Frank
558;NA;Saporiti;Katia;Dr. phil.;Ord. Professorin für Philosophie mit Berücksichtigung der Geschichte der Philosophie;PHF;Link;NA;Saporiti, Katia
559;NA;Sarasin;Philipp;Dr.;Ord. Professor für Allgemeine und Schweizer Geschichte der Neuzeit;PHF;Link;NA;Sarasin, Philipp
560;NA;Sasse;Sylvia;Dr.;Ord. Professorin für Slavische Literaturwissenschaft;PHF;Link;NA;Sasse, Sylvia
561;NA;Sauter;Stefan A.;Dr.;Ord. Professor für Angewandte Mathematik;MNF;Link;NA;Sauter, Stefan A.
562;NA;Schaber;Peter;Dr. phil.;Ord. Professor für Ethik mit Schwerpunkt in angewandter Ethik;PHF;Link;NA;Schaber, Peter
563;NA;Schaepman;Michael;Dr., Prorektor Veterinärmedizin-Naturwissenschaften;Ord. Professor für Fernerkundung;MNF;Link;NA;Schaepman, Michael
564;NA;Schäfer;Mike S.;Dr.;Ord. Professor für Publizistik- und Kommunikationswissenschaft mit dem Schwerpunkt Wissenschafts-, Krisen- und Risikokommunikation;PHF;Link;NA;Schäfer, Mike S.
565;NA;Scherer;Andreas;Dr.;Ord. Professor für Grundlagen der Betriebswirtschaftslehre und Theorien der Unternehmung;WWF;Link;NA;Scherer, Andreas
566;NA;Scheuer;Florian;Dr.;Ord. Professor für Economics of Institutions, gestiftet vom UBS International Center of Economics in Society;WWF;Link;NA;Scheuer, Florian
567;NA;Schiestl;Florian P.;Dr.;Ord. Professor für Evolutionäre Botanik;MNF;Link;NA;Schiestl, Florian P.
568;NA;Schilling;Andreas;Dr. sc. nat.;Ord. Professor für Experimentalphysik;MNF;Link;NA;Schilling, Andreas
569;NA;Schlag;Thomas;Dr.;Ord. Professor für Praktische Theologie mit Schwerpunkt Religionspädagogik und Kybernetik;THF;Link;NA;Schlag, Thomas
570;NA;Schlein;Benjamin;Dr.;Ord. Professor für Angewandte Mathematik;MNF;Link;NA;Schlein, Benjamin
571;NA;Schmedders;Karl;Dr.;Ord. Professor für Quantitative Betriebswirtschaftslehre;WWF;Link;NA;Schmedders, Karl
572;NA;Schmid;Konrad;Dr. theol.;Ord. Professor für Alttestamentliche Wissenschaft und Frühjüdische Religionsgeschichte;THF;Link;NA;Schmid, Konrad
573;NA;Schmidt;Michael W.I.;Dr.;Ord. Professor für Physische Geographie;MNF;Link;NA;Schmidt, Michael W.I.
574;NA;Schmidt;Max W.;Dr. sc. nat.;Ord. Professor für Kristallingeologie;MNF;Link;NA;Schmidt, Max W.
575;NA;Schmutzler;Armin;Dr.;Ord. Professor für Industrieökonomik, Verkehrspolitik und Umweltökonomik;WWF;Link;NA;Schmutzler, Armin
576;NA;Schneider;Sabine;Dr.;Ord. Professorin für Neuere deutsche Literatur;PHF;Link;NA;Schneider, Sabine
577;NA;Schnyder;Mireille;Dr.;Ord. Professorin für Ältere Deutsche Literaturwissenschaft;PHF;Link;NA;Schnyder, Mireille
578;NA;Scholz;Sebastian;Dr.;Ord. Professor für Allgemeine Geschichte des Mittelalters;PHF;Link;NA;Scholz, Sebastian
579;NA;Scholz;Urte;Dr.;Ord. Professorin für Angewandte Sozialpsychologie;PHF;Link;NA;Scholz, Urte
580;NA;Schreier;Daniel;Dr.;Ord. Professor für Englische Sprachwissenschaft;PHF;Link;NA;Schreier, Daniel
581;NA;Schroeder;Viktor;Dr.;Ord. Professor für Mathematik;MNF;Link;NA;Schroeder, Viktor
582;NA;Schuler;Benjamin;Dr.;Ord. Professor für Molekulare Biophysik;MNF;Link;NA;Schuler, Benjamin
583;NA;Schwabe;Gerhard;Dr.;Ord. Professor für Informationsmanagement;WWF;Link;NA;Schwabe, Gerhard
584;NA;Schwarzenegger;Christian;Dr. iur., Prorektor Rechts- und Wirtschaftswissenschaften;Ord. Professor für Strafrecht, Strafprozessrecht und Kriminologie;RWF;Link;NA;Schwarzenegger, Christian
585;NA;Schwarzwald;Colin;Dr. med. vet., PhD, Dipl. ACVIM & ECEIM;Ord. Professor für Innere Medizin des Pferdes;VSF;Link;NA;Schwarzwald, Colin
586;NA;Seeger;Stefan;Dr.;Ord. Professor für Physikalische Chemie;MNF;Link;NA;Seeger, Stefan
587;NA;Seibert;Jan;Dr.;Ord. Professor für Physische Geographie;MNF;Link;NA;Seibert, Jan
588;NA;Seidl;David;Dr.;Ord. Professor für Betriebswirtschaftslehre, insbesondere Organisation und Management;WWF;Link;NA;Seidl, David
589;NA;Seifritz;Erich;Dr. med.;Ord. Professor für Psychiatrie;MEF;Link;NA;Seifritz, Erich
590;NA;Senn;Marcel;Dr. iur.;Ord. Professor für Rechtsgeschichte, Juristische Zeitgeschichte und Rechtsphilosophie;RWF;Link;NA;Senn, Marcel
591;NA;Sethe;Rolf;Dr.;Ord. Professor für Privat-, Handels- und Wirtschaftsrecht;RWF;Link;NA;Sethe, Rolf
592;NA;Shanahan;Michael J.;Dr.;Ord. Professor für Soziologie der Entwicklung von Kindern und Jugendlichen;PHF;Link;NA;Shanahan, Michael J.
593;NA;Shimizu;Kentaro;Dr.;Ord. Professor für Evolutionäre und Ökologische Genomik;MNF;Link;NA;Shimizu, Kentaro
594;NA;Siegert;Gabriele;Dr., Prorektorin Geistes- und Sozialwissenschaften;Ord. Professorin für Publizistikwissenschaft mit Schwerpunkt Medienökonomie;PHF;Link;NA;Siegert, Gabriele
595;NA;Sigel;Roland K.O.;Dr. rer. nat., Dekan der Mathem.-naturwissenschaftl. Fak.;Ord. Professor für Chemie, insbesondere Bioanorganische Chemie;MNF;Link;NA;Sigel, Roland K.O.
596;NA;Simonek;Madeleine;Dr.;Ord. Professorin für Schweizerisches und Internationales Steuerrecht;RWF;Link;NA;Simonek, Madeleine
597;NA;Sommer;Lukas;Dr.;Ord. Professor für Anatomie;MEF;Link;NA;Sommer, Lukas
598;NA;Spahn;Donat R.;Dr.;Ord. Professor für Anästhesiologie;MEF;Link;NA;Spahn, Donat R.
599;NA;Stark;Elisabeth;Dr.;Ord. Professorin für Romanische Philologie unter besonderer Berücksichtigung der Französischen Sprachwissenschaft;PHF;Link;NA;Stark, Elisabeth
600;NA;Steenbergen;Marco;Dr.;Ord. Professor für Methoden der Politikwissenschaft;PHF;Link;NA;Steenbergen, Marco
601;NA;Steineck;Raji C.;Dr.;Ord. Professor für Japanologie;PHF;Link;NA;Steineck, Raji C.
602;NA;Steinfeld;Robert;Dr. Dr. med.;Ord. Professor für Pädiatrische Neurologie;MEF;Link;NA;Steinfeld, Robert
603;NA;Stephan;Klaas Enno;Dr.;Ord. Professor für Translational Neuromodeling;MEF;Link;NA;Stephan, Klaas Enno
604;NA;Stephan;Roger;Dr. med. vet., Dekan der Vetsuisse-Fakultät;Ord. Professor für Tierärztliche Lebensmittelsicherheit und -hygiene;VSF;Link;NA;Stephan, Roger
605;NA;Stiller;Burkhard;Dr.;Ord. Professor für Verteilte Systeme und Kommunikation;WWF;Link;NA;Stiller, Burkhard
606;NA;Stippich;Christoph;Dr.;Ord. Professor für Neuroradiologie;MEF;Link;NA;Stippich, Christoph
607;NA;Stoeckli;Esther;Dr.;Ord. Professorin für Entwicklungsneurobiologie;MNF;Link;NA;Stoeckli, Esther
608;NA;Stoffel;Markus;Dr. med.;Ord. Professor für Stoffwechselerkrankungen;MEF;Link;NA;Stoffel, Markus
609;NA;Strobl;Carolin;Dr.;Ord. Professorin für Psychologische Methodenlehre, Evaluation und Statistik;PHF;Link;NA;Strobl, Carolin
610;NA;Sulser;Tullio;Dr.;Ord. Professor für Urologie;MEF;Link;NA;Sulser, Tullio
611;NA;Szydlik;Marc;Dr.;Ord. Professor für Soziologie;PHF;Link;NA;Szydlik, Marc
612;NA;Tag;Brigitte;Dr. iur., Dekanin der Rechtswissenschaftlichen Fakultät;Ord. Professorin für Strafrecht, Strafprozessrecht und Medizinrecht;RWF;Link;NA;Tag, Brigitte
613;NA;Teuscher;Simon;Dr.;Ord. Professor für Allgemeine Geschichte des Mittelalters;PHF;Link;NA;Teuscher, Simon
614;NA;Thali;Michael;Dr.;Ord. Professor für Rechtsmedizin;MEF;Link;NA;Thali, Michael
615;NA;Thier;Andreas;Dr. iur.;Ord. Professor für Rechtsgeschichte, Kirchenrecht, Rechtstheorie und Privatrecht;RWF;Link;NA;Thier, Andreas
616;NA;Thomsen;Hans B.;Dr.;Ord. Professor für Kunstgeschichte Ostasiens;PHF;Link;NA;Thomsen, Hans B.
617;NA;Tietz;Christiane;Dr.;Ord. Professorin für Systematische Theologie;THF;Link;NA;Tietz, Christiane
618;NA;Tomkowiak;Ingrid;Dr. phil.;Ord. Professorin für Populäre Literaturen und Medien mit dem Schwerpunkt Kinder- und Jugendmedien;PHF;Link;NA;Tomkowiak, Ingrid
619;NA;Trachsler;Richard;Dr. phil.;Ord. Professor für Romanische Philologie - Französische Literatur des Mittelalters;PHF;Link;NA;Trachsler, Richard
620;NA;Trkola;Alexandra;Dr.;Ord. Professorin für Medizinische Virologie;MEF;Link;NA;Trkola, Alexandra
621;NA;Tröhler;Margrit;Dr. phil.;Ord. Professorin für Filmwissenschaft;PHF;Link;NA;Tröhler, Margrit
622;NA;Tschofen;Bernhard;Dr.;Ord. Professor für Populäre Kulturen mit dem Schwerpunkt Kulturwissenschaftliche Raumforschung;PHF;Link;NA;Tschofen, Bernhard
623;NA;Uehlinger;Christoph;Dr.;Ord. Professor für Allgemeine Religionsgeschichte und Religionswissenschaft;THF;Link;NA;Uehlinger, Christoph
624;NA;Uhlmann;Felix;Dr.;Ord. Professor für Staats- und Verwaltungsrecht sowie Rechtsetzungslehre;RWF;Link;NA;Uhlmann, Felix
625;NA;Ulcigrai;Corinna;Dr.;Ord. Professorin für Reine Mathematik;MNF;Link;NA;Ulcigrai, Corinna
626;NA;Ullrich;Oliver;Dr.;Ord. Professor für Anatomie;MEF;Link;NA;Ullrich, Oliver
627;NA;Verrey;François;Dr. med.;Ord. Professor für Physiologie;MEF;Link;NA;Verrey, François
628;NA;Vogt;Hans-Ueli;Dr. iur., LL.M.;Ord. Professor für Privat- und Wirtschaftsrecht;RWF;Link;NA;Vogt, Hans-Ueli
629;NA;Volk;Martin;Dr. phil.;Ord. Professor für Computerlinguistik;PHF;Link;NA;Volk, Martin
630;NA;von der Crone;Hans Caspar;Dr. iur., LL.M.;Ord. Professor für Privat- und Wirtschaftsrecht;RWF;Link;NA;von der Crone, Hans Caspar
631;NA;von Eckardstein;Arnold;Dr. med.;Ord. Professor für Klinische Chemie;MEF;Link;NA;von Eckardstein, Arnold
632;NA;von Känel;Roland;Dr.;Ord. Professor für Konsiliar-/Liaisonpsychiatrie und Psychosomatik;MEF;Link;NA;von Känel, Roland
633;NA;von Mering;Christian;Dr.;Ord. Professor für Computergestützte Biologie;MNF;Link;NA;von Mering, Christian
634;NA;Voth;Hans-Joachim;Dr.;Ord. Professor für Makroökonomik und Finanzmärkte, gestiftet vom UBS International Center of Economics in Society;WWF;Link;NA;Voth, Hans-Joachim
635;NA;Wagner;Carsten Alexander;Dr. med.;Ord. Professor für Physiologie;MEF;Link;NA;Wagner, Carsten Alexander
636;NA;Wagner;Andreas;Dr.;Ord. Professor für Bioinformatik;MEF;Link;NA;Wagner, Andreas
637;NA;Walitza;Susanne;Dr. med., Dipl. - Psych;Ord. Professorin für Kinder- und Jugendpsychiatrie;MEF;Link;NA;Walitza, Susanne
638;NA;Walter;Stefanie;Dr.;Ord. Professorin für Internationale Beziehungen und Politische Ökonomie;PHF;Link;NA;Walter, Stefanie
639;NA;Weber;Roberto A.;Dr.;Ord. Professor für Behavioral Economics;WWF;Link;NA;Weber, Roberto A.
640;NA;Weber;Rainer;Dr. med., Dekan der Medizinischen Fakultät;Ord. Professor für Klinische Infektiologie;MEF;Link;NA;Weber, Rainer
641;NA;Weddigen;Tristan;Dr.;Ord. Professor für Kunstgeschichte der Neuzeit;PHF;Link;NA;Weddigen, Tristan
642;NA;Weibel;Robert;Dr.;Ord. Professor für Geographie, speziell geographische Informationswissenschaft;MNF;Link;NA;Weibel, Robert
643;NA;Weller;Michael;Dr. med.;Ord. Professor für Neurologie;MEF;Link;NA;Weller, Michael
644;NA;Wenger;Roland H.;Dr. phil. nat.;Ord. Professor für Physiologie;MEF;Link;NA;Wenger, Roland H.
645;NA;Winkelmann;Rainer;Dr. oec. publ.;Ord. Professor für Statistik und Empirische Wirtschaftsforschung;WWF;Link;NA;Winkelmann, Rainer
646;NA;Wirth;Werner;Dr.;Ord. Professor für Publizistikwissenschaft, Schwerpunkt Empirische Kommunikations- und Medienforschung;PHF;Link;NA;Wirth, Werner
647;NA;Witt;Claudia;Dr. med.;Ord. Professorin für Komplementär- und Integrative Medizin;MEF;Link;NA;Witt, Claudia
648;NA;Woitek;Ulrich;Dr. oec. publ;Ord. Professor für Neuere Wirtschaftsgeschichte in Verbindung mit Volkswirtschaftslehre;WWF;Link;NA;Woitek, Ulrich
649;NA;Wolf;Michael;Dr.;Ord. Professor für Ökonometrie und Angewandte Statistik;WWF;Link;NA;Wolf, Michael
650;NA;Wüthrich;Rudolf P.;Dr. med.;Ord. Professor für Innere Medizin, speziell Nephrologie;MEF;Link;NA;Wüthrich, Rudolf P.
651;NA;Yanagizawa-Drott;David;Dr.;Ord. Professor für Development and Emerging Markets;WWF;Link;NA;Yanagizawa-Drott, David
652;NA;Zeilhofer;Hanns U.;Dr. med.;Ord. Professor für Pharmakologie;MEF;Link;NA;Zeilhofer, Hanns U.
653;NA;Zey;Claudia;Dr.;Ord. Professorin für Allgemeine Geschichte des Mittelalters;PHF;Link;NA;Zey, Claudia
654;NA;Zimmermann;Harm-Peer;Dr.;Ord. Professor für Populäre Kulturen mit dem Schwerpunkt Populäre Literaturen und Medien;PHF;Link;NA;Zimmermann, Harm-Peer
655;NA;Zimmermann;Roland;Dr. med.;Ord. Professor für Geburtshilfe;MEF;Link;NA;Zimmermann, Roland
656;NA;Zipfel;Cyril;Dr.;Ord. Professor für Molekulare und Zelluläre Pflanzenphysiologie;MNF;Link;NA;Zipfel, Cyril
657;NA;Zollikofer;Christoph;Dr.;Ord. Professor für Anthropologie;MNF;Link;NA;Zollikofer, Christoph
658;NA;Zweimüller;Josef;Dr. rer. soc. oec.;Ord. Professor für Volkswirtschaftslehre mit dem Schwerpunkt Makro-Ökonomik;WWF;Link;NA;Zweimüller, Josef
659;NA;NA;;NA;NA;WWF;NA;NA;Alós-Ferrer, Carlos
660;NA;NA;;NA;NA;VSF;NA;NA;Altmeyer, Matthias
661;NA;NA;;NA;NA;WWF;NA;NA;Brenøe, Anne A.
662;NA;NA;;NA;NA;MEF;NA;NA;Camici, Giovanni G.
663;NA;NA;;NA;NA;MEF;NA;NA;Ernst, Konrad
664;NA;NA;;NA;NA;MEF;NA;NA;Flück, Martin
665;NA;NA;;NA;NA;MNF;NA;NA;Holland, Jason Philip
666;NA;NA;;NA;NA;PHF;NA;NA;Jarren, Otfried
667;NA;NA;;NA;NA;PHF;NA;NA;Keller, Kristina Hildegard
668;NA;NA;;NA;NA;MEF;NA;NA;Kollias, Spyridon
669;NA;NA;;NA;NA;MEF;NA;NA;Kratzer, Adelgunde
670;NA;NA;;NA;NA;andere;NA;NA;Löwe, Christiane
671;NA;NA;;NA;NA;MEF;NA;NA;Maake, Caroline
672;NA;NA;;NA;NA;VSF;NA;NA;Mächler, Hans
673;NA;NA;;NA;NA;MEF;NA;NA;Nombela, Arrieta César
674;NA;NA;;NA;NA;MEF;NA;NA;Paul, Mitchell
675;NA;NA;;NA;NA;MEF;NA;NA;Polymenidou, Magdalini
676;NA;NA;;NA;NA;MEF;NA;NA;Sander, Peter
677;NA;NA;;NA;NA;PHF;NA;NA;Schaber, Peter (Empfängerin: Deplazes Zemp, Anna)
678;NA;NA;;NA;NA;MEF;NA;NA;Seeger, Markus
679;NA;NA;;NA;NA;MEF;NA;NA;Senti, Gabriela
680;NA;NA;;NA;NA;MNF;NA;NA;Soluyanov, Alexey
681;NA;NA;;NA;NA;MEF;NA;NA;Sven, Jan
682;NA;NA;;NA;NA;andere;NA;NA;Universität Zürich
683;NA;NA;;NA;NA;VSF;NA;NA;von Rechenberg, Brigitte
684;NA;NA;;NA;NA;VSF;NA;NA;Weishaupt, Michael
685;NA;NA;;NA;NA;RWF;NA;NA;Wipf, Peter
686;NA;NA;;NA;NA;MEF;NA;NA;Zenz, Maja
